frame,r_state,r_reason,r_x,r_y,r_score,candidate_count,local_index,target_x,target_y,target_radius,geometry_valid,dx_img,dy_img,distance_px,angle_rad,angle_deg
0,lost,NO_R_CANDIDATE,,,,0,-1,,,,0,,,,,
1,lost,NO_R_CANDIDATE,,,,0,-1,,,,0,,,,,
2,lost,NO_R_CANDIDATE,,,,0,-1,,,,0,,,,,
3,lost,NO_R_CANDIDATE,,,,0,-1,,,,0,,,,,
4,lost,NO_R_CANDIDATE,,,,0,-1,,,,0,,,,,
5,lost,NO_R_CANDIDATE,,,,0,-1,,,,0,,,,,
6,lost,NO_R_CANDIDATE,,,,0,-1,,,,0,,,,,
7,lost,NO_R_CANDIDATE,,,,0,-1,,,,0,,,,,
8,lost,NO_R_CANDIDATE,,,,0,-1,,,,0,,,,,
9,lost,NO_R_CANDIDATE,,,,0,-1,,,,0,,,,,
10,lost,NO_R_CANDIDATE,,,,0,-1,,,,0,,,,,
11,lost,NO_R_CANDIDATE,,,,0,-1,,,,0,,,,,
12,lost,NO_R_CANDIDATE,,,,0,-1,,,,0,,,,,
13,lost,NO_R_CANDIDATE,,,,0,-1,,,,0,,,,,
14,lost,NO_R_CANDIDATE,,,,0,-1,,,,0,,,,,
15,lost,NO_R_CANDIDATE,,,,0,-1,,,,0,,,,,
16,lost,NO_R_CANDIDATE,,,,0,-1,,,,0,,,,,
17,lost,NO_R_CANDIDATE,,,,0,-1,,,,0,,,,,
18,lost,NO_R_CANDIDATE,,,,0,-1,,,,0,,,,,
19,lost,NO_R_CANDIDATE,,,,0,-1,,,,0,,,,,
20,lost,NO_R_CANDIDATE,,,,0,-1,,,,0,,,,,
21,lost,NO_R_CANDIDATE,,,,0,-1,,,,0,,,,,
22,lost,NO_R_CANDIDATE,,,,0,-1,,,,0,,,,,
23,lost,NO_R_CANDIDATE,,,,0,-1,,,,0,,,,,
24,lost,NO_R_CANDIDATE,,,,0,-1,,,,0,,,,,
25,lost,NO_R_CANDIDATE,,,,0,-1,,,,0,,,,,
26,lost,NO_R_CANDIDATE,,,,0,-1,,,,0,,,,,
27,lost,NO_R_CANDIDATE,,,,0,-1,,,,0,,,,,
28,lost,NO_R_CANDIDATE,,,,0,-1,,,,0,,,,,
29,lost,NO_R_CANDIDATE,,,,0,-1,,,,0,,,,,
30,lost,NO_R_CANDIDATE,,,,0,-1,,,,0,,,,,
31,lost,NO_R_CANDIDATE,,,,0,-1,,,,0,,,,,
32,lost,NO_R_CANDIDATE,,,,0,-1,,,,0,,,,,
33,lost,NO_R_CANDIDATE,,,,0,-1,,,,0,,,,,
34,lost,NO_R_CANDIDATE,,,,0,-1,,,,0,,,,,
35,lost,NO_R_CANDIDATE,,,,0,-1,,,,0,,,,,
36,lost,NO_R_CANDIDATE,,,,0,-1,,,,0,,,,,
37,lost,NO_R_CANDIDATE,,,,0,-1,,,,0,,,,,
38,lost,NO_R_CANDIDATE,,,,0,-1,,,,0,,,,,
39,lost,NO_R_CANDIDATE,,,,0,-1,,,,0,,,,,
40,lost,NO_R_CANDIDATE,,,,0,-1,,,,0,,,,,
41,lost,NO_R_CANDIDATE,,,,0,-1,,,,0,,,,,
42,lost,NO_R_CANDIDATE,,,,0,-1,,,,0,,,,,
43,lost,NO_R_CANDIDATE,,,,0,-1,,,,0,,,,,
44,lost,NO_R_CANDIDATE,,,,0,-1,,,,0,,,,,
45,lost,NO_R_CANDIDATE,,,,0,-1,,,,0,,,,,
46,lost,NO_R_CANDIDATE,,,,0,-1,,,,0,,,,,
47,lost,NO_R_CANDIDATE,,,,0,-1,,,,0,,,,,
48,lost,NO_R_CANDIDATE,,,,0,-1,,,,0,,,,,
49,lost,NO_R_CANDIDATE,,,,0,-1,,,,0,,,,,
50,lost,NO_R_CANDIDATE,,,,0,-1,,,,0,,,,,
51,lost,NO_R_CANDIDATE,,,,0,-1,,,,0,,,,,
52,lost,NO_R_CANDIDATE,,,,0,-1,,,,0,,,,,
53,lost,NO_R_CANDIDATE,,,,0,-1,,,,0,,,,,
54,lost,NO_R_CANDIDATE,,,,0,-1,,,,0,,,,,
55,lost,NO_R_CANDIDATE,,,,0,-1,,,,0,,,,,
56,lost,NO_R_CANDIDATE,,,,0,-1,,,,0,,,,,
57,lost,NO_R_CANDIDATE,,,,0,-1,,,,0,,,,,
58,lost,NO_R_CANDIDATE,,,,0,-1,,,,0,,,,,
59,lost,NO_R_CANDIDATE,,,,0,-1,,,,0,,,,,
60,lost,NO_R_CANDIDATE,,,,0,-1,,,,0,,,,,
61,lost,NO_R_CANDIDATE,,,,0,-1,,,,0,,,,,
62,lost,NO_R_CANDIDATE,,,,0,-1,,,,0,,,,,
63,lost,NO_R_CANDIDATE,,,,0,-1,,,,0,,,,,
64,lost,NO_R_CANDIDATE,,,,0,-1,,,,0,,,,,
65,lost,NO_R_CANDIDATE,,,,0,-1,,,,0,,,,,
66,lost,NO_R_CANDIDATE,,,,0,-1,,,,0,,,,,
67,lost,NO_R_CANDIDATE,,,,0,-1,,,,0,,,,,
68,lost,NO_R_CANDIDATE,,,,0,-1,,,,0,,,,,
69,lost,NO_R_CANDIDATE,,,,0,-1,,,,0,,,,,
70,lost,NO_R_CANDIDATE,,,,0,-1,,,,0,,,,,
71,lost,NO_R_CANDIDATE,,,,0,-1,,,,0,,,,,
72,lost,NO_R_CANDIDATE,,,,0,-1,,,,0,,,,,
73,lost,NO_R_CANDIDATE,,,,0,-1,,,,0,,,,,
74,lost,NO_R_CANDIDATE,,,,0,-1,,,,0,,,,,
75,lost,NO_R_CANDIDATE,,,,0,-1,,,,0,,,,,
76,lost,NO_R_CANDIDATE,,,,0,-1,,,,0,,,,,
77,lost,NO_R_CANDIDATE,,,,0,-1,,,,0,,,,,
78,lost,NO_R_CANDIDATE,,,,0,-1,,,,0,,,,,
79,lost,NO_R_CANDIDATE,,,,0,-1,,,,0,,,,,
80,lost,NO_R_CANDIDATE,,,,0,-1,,,,0,,,,,
81,lost,NO_R_CANDIDATE,,,,0,-1,,,,0,,,,,
82,lost,NO_R_CANDIDATE,,,,0,-1,,,,0,,,,,
83,lost,NO_R_CANDIDATE,,,,0,-1,,,,0,,,,,
84,lost,NO_R_CANDIDATE,,,,0,-1,,,,0,,,,,
85,lost,NO_R_CANDIDATE,,,,0,-1,,,,0,,,,,
86,lost,NO_R_CANDIDATE,,,,0,-1,,,,0,,,,,
87,lost,NO_R_CANDIDATE,,,,0,-1,,,,0,,,,,
88,lost,NO_R_CANDIDATE,,,,0,-1,,,,0,,,,,
89,lost,NO_R_CANDIDATE,,,,0,-1,,,,0,,,,,
90,lost,NO_R_CANDIDATE,,,,0,-1,,,,0,,,,,
91,lost,NO_R_CANDIDATE,,,,0,-1,,,,0,,,,,
92,lost,NO_R_CANDIDATE,,,,0,-1,,,,0,,,,,
93,lost,NO_R_CANDIDATE,,,,0,-1,,,,0,,,,,
94,lost,NO_R_CANDIDATE,,,,0,-1,,,,0,,,,,
95,lost,NO_R_CANDIDATE,,,,0,-1,,,,0,,,,,
96,lost,NO_R_CANDIDATE,,,,0,-1,,,,0,,,,,
97,lost,NO_R_CANDIDATE,,,,0,-1,,,,0,,,,,
98,lost,NO_R_CANDIDATE,,,,0,-1,,,,0,,,,,
99,lost,NO_R_CANDIDATE,,,,0,-1,,,,0,,,,,
100,lost,NO_R_CANDIDATE,,,,0,-1,,,,0,,,,,
101,lost,NO_R_CANDIDATE,,,,0,-1,,,,0,,,,,
102,lost,NO_R_CANDIDATE,,,,0,-1,,,,0,,,,,
103,lost,NO_R_CANDIDATE,,,,0,-1,,,,0,,,,,
104,lost,NO_R_CANDIDATE,,,,0,-1,,,,0,,,,,
105,lost,NO_R_CANDIDATE,,,,0,-1,,,,0,,,,,
106,lost,NO_R_CANDIDATE,,,,0,-1,,,,0,,,,,
107,lost,NO_R_CANDIDATE,,,,0,-1,,,,0,,,,,
108,lost,NO_R_CANDIDATE,,,,0,-1,,,,0,,,,,
109,lost,NO_R_CANDIDATE,,,,0,-1,,,,0,,,,,
110,lost,NO_R_CANDIDATE,,,,0,-1,,,,0,,,,,
111,lost,NO_R_CANDIDATE,,,,0,-1,,,,0,,,,,
112,lost,NO_R_CANDIDATE,,,,0,-1,,,,0,,,,,
113,lost,NO_R_CANDIDATE,,,,0,-1,,,,0,,,,,
114,lost,NO_R_CANDIDATE,,,,0,-1,,,,0,,,,,
115,lost,NO_R_CANDIDATE,,,,0,-1,,,,0,,,,,
116,lost,NO_R_CANDIDATE,,,,0,-1,,,,0,,,,,
117,lost,NO_R_CANDIDATE,,,,0,-1,,,,0,,,,,
118,lost,NO_R_CANDIDATE,,,,0,-1,,,,0,,,,,
119,lost,NO_R_CANDIDATE,,,,0,-1,,,,0,,,,,
120,lost,NO_R_CANDIDATE,,,,0,-1,,,,0,,,,,
121,lost,NO_R_CANDIDATE,,,,0,-1,,,,0,,,,,
122,lost,NO_R_CANDIDATE,,,,0,-1,,,,0,,,,,
123,lost,NO_R_CANDIDATE,,,,0,-1,,,,0,,,,,
124,lost,NO_R_CANDIDATE,,,,0,-1,,,,0,,,,,
125,lost,NO_R_CANDIDATE,,,,0,-1,,,,0,,,,,
126,lost,NO_R_CANDIDATE,,,,0,-1,,,,0,,,,,
127,lost,NO_R_CANDIDATE,,,,0,-1,,,,0,,,,,
128,lost,NO_R_CANDIDATE,,,,0,-1,,,,0,,,,,
129,lost,NO_R_CANDIDATE,,,,0,-1,,,,0,,,,,
130,lost,NO_R_CANDIDATE,,,,0,-1,,,,0,,,,,
131,lost,NO_R_CANDIDATE,,,,0,-1,,,,0,,,,,
132,lost,NO_R_CANDIDATE,,,,0,-1,,,,0,,,,,
133,lost,NO_R_CANDIDATE,,,,0,-1,,,,0,,,,,
134,lost,NO_R_CANDIDATE,,,,0,-1,,,,0,,,,,
135,lost,NO_R_CANDIDATE,,,,0,-1,,,,0,,,,,
136,lost,NO_R_CANDIDATE,,,,0,-1,,,,0,,,,,
137,lost,NO_R_CANDIDATE,,,,0,-1,,,,0,,,,,
138,lost,NO_R_CANDIDATE,,,,0,-1,,,,0,,,,,
139,lost,NO_R_CANDIDATE,,,,0,-1,,,,0,,,,,
140,lost,NO_R_CANDIDATE,,,,0,-1,,,,0,,,,,
141,lost,NO_R_CANDIDATE,,,,0,-1,,,,0,,,,,
142,lost,NO_R_CANDIDATE,,,,0,-1,,,,0,,,,,
143,lost,NO_R_CANDIDATE,,,,0,-1,,,,0,,,,,
144,lost,NO_R_CANDIDATE,,,,0,-1,,,,0,,,,,
145,lost,NO_R_CANDIDATE,,,,0,-1,,,,0,,,,,
146,lost,NO_R_CANDIDATE,,,,0,-1,,,,0,,,,,
147,lost,NO_R_CANDIDATE,,,,0,-1,,,,0,,,,,
148,lost,NO_R_CANDIDATE,,,,0,-1,,,,0,,,,,
149,lost,NO_R_CANDIDATE,,,,0,-1,,,,0,,,,,
150,lost,NO_R_CANDIDATE,,,,0,-1,,,,0,,,,,
151,lost,NO_R_CANDIDATE,,,,0,-1,,,,0,,,,,
152,lost,NO_R_CANDIDATE,,,,0,-1,,,,0,,,,,
153,lost,NO_R_CANDIDATE,,,,0,-1,,,,0,,,,,
154,lost,NO_R_CANDIDATE,,,,0,-1,,,,0,,,,,
155,lost,NO_R_CANDIDATE,,,,0,-1,,,,0,,,,,
156,lost,NO_R_CANDIDATE,,,,0,-1,,,,0,,,,,
157,lost,NO_R_CANDIDATE,,,,0,-1,,,,0,,,,,
158,lost,NO_R_CANDIDATE,,,,0,-1,,,,0,,,,,
159,lost,NO_R_CANDIDATE,,,,0,-1,,,,0,,,,,
160,lost,NO_R_CANDIDATE,,,,0,-1,,,,0,,,,,
161,lost,NO_R_CANDIDATE,,,,0,-1,,,,0,,,,,
162,lost,NO_R_CANDIDATE,,,,0,-1,,,,0,,,,,
163,lost,NO_R_CANDIDATE,,,,0,-1,,,,0,,,,,
164,lost,NO_R_CANDIDATE,,,,0,-1,,,,0,,,,,
165,lost,NO_R_CANDIDATE,,,,0,-1,,,,0,,,,,
166,lost,NO_R_CANDIDATE,,,,0,-1,,,,0,,,,,
167,lost,NO_R_CANDIDATE,,,,0,-1,,,,0,,,,,
168,lost,NO_R_CANDIDATE,,,,0,-1,,,,0,,,,,
169,lost,NO_R_CANDIDATE,,,,0,-1,,,,0,,,,,
170,lost,NO_R_CANDIDATE,,,,0,-1,,,,0,,,,,
171,lost,NO_R_CANDIDATE,,,,0,-1,,,,0,,,,,
172,lost,NO_R_CANDIDATE,,,,0,-1,,,,0,,,,,
173,lost,NO_R_CANDIDATE,,,,0,-1,,,,0,,,,,
174,lost,NO_R_CANDIDATE,,,,0,-1,,,,0,,,,,
175,lost,NO_R_CANDIDATE,,,,0,-1,,,,0,,,,,
176,lost,NO_R_CANDIDATE,,,,0,-1,,,,0,,,,,
177,lost,NO_R_CANDIDATE,,,,0,-1,,,,0,,,,,
178,lost,NO_R_CANDIDATE,,,,0,-1,,,,0,,,,,
179,lost,NO_R_CANDIDATE,,,,0,-1,,,,0,,,,,
180,lost,NO_R_CANDIDATE,,,,0,-1,,,,0,,,,,
181,lost,NO_R_CANDIDATE,,,,0,-1,,,,0,,,,,
182,lost,NO_R_CANDIDATE,,,,0,-1,,,,0,,,,,
183,lost,NO_R_CANDIDATE,,,,0,-1,,,,0,,,,,
184,lost,NO_R_CANDIDATE,,,,0,-1,,,,0,,,,,
185,lost,NO_R_CANDIDATE,,,,0,-1,,,,0,,,,,
186,lost,NO_R_CANDIDATE,,,,0,-1,,,,0,,,,,
187,lost,NO_R_CANDIDATE,,,,0,-1,,,,0,,,,,
188,lost,NO_R_CANDIDATE,,,,0,-1,,,,0,,,,,
189,lost,NO_R_CANDIDATE,,,,0,-1,,,,0,,,,,
190,lost,NO_R_CANDIDATE,,,,0,-1,,,,0,,,,,
191,lost,NO_R_CANDIDATE,,,,0,-1,,,,0,,,,,
192,lost,NO_R_CANDIDATE,,,,0,-1,,,,0,,,,,
193,lost,NO_R_CANDIDATE,,,,0,-1,,,,0,,,,,
194,lost,NO_R_CANDIDATE,,,,0,-1,,,,0,,,,,
195,lost,NO_R_CANDIDATE,,,,0,-1,,,,0,,,,,
196,lost,NO_R_CANDIDATE,,,,1,0,771.500000,671.500000,39.700001,0,,,,,
197,lost,NO_R_CANDIDATE,,,,1,0,770.500000,680.500000,38.000000,0,,,,,
198,lost,NO_R_CANDIDATE,,,,1,0,763.500000,692.500000,40.599998,0,,,,,
199,detected,OK,754.000000,487.500000,0.896551,1,0,760.500000,698.500000,40.099998,1,6.500000,211.000000,211.100095,-1.540000,-88.235522
200,detected,OK,753.000000,493.000000,0.925239,1,0,759.500000,704.500000,40.000000,1,6.500000,211.500000,211.599858,-1.540073,-88.239691
201,detected,OK,751.000000,502.500000,0.884946,1,0,755.500000,715.500000,40.200001,1,4.500000,213.000000,213.047530,-1.549673,-88.789706
202,detected,OK,750.500000,505.500000,0.921420,1,0,754.500000,718.500000,40.400002,1,4.000000,213.000000,213.037555,-1.552019,-88.924149
203,detected,OK,750.500000,508.500000,0.922443,1,0,753.500000,719.500000,34.299999,1,3.000000,211.000000,211.021326,-1.556579,-89.185423
204,detected,OK,750.500000,511.500000,0.922725,1,0,752.500000,722.500000,37.700001,1,2.000000,211.000000,211.009478,-1.561318,-89.456928
205,detected,OK,751.000000,512.500000,0.892992,1,0,747.500000,725.500000,38.500000,1,-3.500000,213.000000,213.028754,-1.587227,-90.941395
206,detected,OK,751.500000,513.000000,0.897087,1,0,746.500000,725.500000,38.700001,1,-5.000000,212.500000,212.558815,-1.594321,-91.347887
207,detected,OK,752.000000,514.500000,0.890182,1,0,747.500000,727.500000,36.000000,1,-4.500000,213.000000,213.047530,-1.591920,-91.210294
208,detected,OK,752.000000,515.000000,0.918133,1,0,743.500000,724.500000,40.799999,1,-8.500000,209.500000,209.672363,-1.611347,-92.323375
209,detected,OK,752.500000,515.000000,0.887959,1,0,742.500000,726.500000,40.000000,1,-10.000000,211.500000,211.736275,-1.618042,-92.707004
210,detected,OK,753.000000,515.000000,0.919533,1,0,743.500000,729.500000,36.400002,1,-9.500000,214.500000,214.710270,-1.615056,-92.535918
211,detected,OK,753.000000,515.500000,0.891201,1,0,739.500000,727.500000,40.000000,1,-13.500000,212.000000,212.429400,-1.634390,-93.643632
212,detected,OK,753.000000,515.500000,0.893115,1,0,734.500000,726.500000,38.000000,1,-18.500000,211.000000,211.809466,-1.658250,-95.010750
213,detected,OK,753.000000,515.500000,0.892357,1,0,738.500000,728.500000,36.400002,1,-14.500000,213.000000,213.492974,-1.638767,-93.894408
214,detected,OK,752.500000,515.500000,0.921083,1,0,733.500000,727.500000,39.400002,1,-19.000000,212.000000,212.849712,-1.660180,-95.121317
215,detected,OK,753.000000,515.500000,0.888675,1,0,731.500000,727.500000,38.599998,1,-21.500000,212.000000,213.087423,-1.671866,-95.790858
216,detected,OK,752.500000,516.000000,0.885027,1,0,732.500000,727.500000,34.700001,1,-20.000000,211.500000,212.443522,-1.665079,-95.401977
217,detected,OK,752.000000,517.000000,0.917965,1,0,728.500000,726.500000,34.900002,1,-23.500000,209.500000,210.813899,-1.682501,-96.400219
218,detected,OK,752.000000,517.000000,0.918047,1,0,727.500000,727.500000,34.900002,1,-24.500000,210.500000,211.920976,-1.686665,-96.638760
219,detected,OK,752.000000,515.500000,0.889583,1,0,726.500000,724.500000,37.799999,1,-25.500000,209.000000,210.549875,-1.692206,-96.956252
220,detected,OK,751.500000,515.500000,0.859939,1,0,720.500000,726.500000,37.799999,1,-31.000000,211.000000,213.265093,-1.716672,-98.358068
221,detected,OK,751.000000,515.500000,0.889657,1,0,721.500000,725.500000,34.700001,1,-29.500000,210.000000,212.061901,-1.710359,-97.996368
222,detected,OK,750.500000,515.500000,0.921896,1,0,719.500000,723.500000,37.799999,1,-31.000000,208.000000,210.297408,-1.718746,-98.476878
223,detected,OK,750.000000,517.000000,0.920006,1,0,717.500000,727.500000,36.400002,1,-32.500000,210.500000,212.994131,-1.723981,-98.776840
224,detected,OK,750.000000,517.000000,0.921494,1,0,712.500000,726.500000,37.799999,1,-37.500000,209.500000,212.829744,-1.747918,-100.148334
225,detected,OK,751.000000,517.000000,0.916197,1,0,712.500000,722.500000,36.500000,1,-38.500000,205.500000,209.075345,-1.755997,-100.611238
226,detected,OK,752.000000,515.000000,0.920239,1,0,712.500000,722.500000,39.700001,1,-39.500000,207.500000,211.226182,-1.758907,-100.777954
227,detected,OK,753.000000,515.000000,0.921710,1,0,712.500000,723.500000,40.000000,1,-40.500000,208.500000,212.397034,-1.762652,-100.992508
228,detected,OK,754.000000,515.000000,0.922813,1,0,709.500000,723.500000,37.799999,1,-44.500000,208.500000,213.195919,-1.781071,-102.047832
229,detected,OK,754.000000,515.500000,0.892722,1,0,710.500000,723.500000,40.000000,1,-43.500000,208.000000,212.500000,-1.776960,-101.812282
230,detected,OK,754.500000,517.000000,0.888330,1,0,710.500000,721.500000,38.599998,1,-44.000000,204.500000,209.179946,-1.782724,-102.142583
231,detected,OK,755.000000,515.000000,0.919805,1,0,708.500000,718.500000,37.799999,1,-46.500000,203.500000,208.745060,-1.795441,-102.871179
232,detected,OK,758.000000,507.000000,0.925535,1,0,708.500000,712.500000,39.299999,1,-49.500000,205.500000,211.377624,-1.807169,-103.543177
233,detected,OK,764.000000,493.500000,0.900867,1,0,713.500000,698.500000,38.599998,1,-50.500000,205.000000,211.128515,-1.812329,-103.838786
234,detected,OK,773.500000,468.000000,0.896678,1,0,720.500000,674.500000,37.799999,1,-53.000000,206.500000,213.192988,-1.822032,-104.394745
235,detected,OK,780.500000,457.500000,0.928611,1,0,726.500000,660.500000,39.700001,1,-54.000000,203.000000,210.059515,-1.830785,-104.896277
236,detected,OK,794.000000,433.500000,0.900151,1,0,737.500000,635.500000,39.799999,1,-56.500000,202.000000,209.752831,-1.843530,-105.626464
237,detected,OK,797.000000,425.000000,0.923521,1,0,742.500000,625.500000,37.200001,1,-54.500000,200.500000,207.775119,-1.836204,-105.206747
238,detected,OK,798.000000,419.000000,0.922995,1,0,739.500000,619.500000,39.900002,1,-58.500000,200.500000,208.860001,-1.854686,-106.265691
239,detected,OK,801.000000,399.500000,0.902509,1,0,743.500000,603.500000,40.799999,1,-57.500000,204.000000,211.948697,-1.845532,-105.741167
240,detected,OK,802.000000,386.000000,0.871385,1,0,742.500000,589.500000,35.299999,1,-59.500000,203.500000,212.020046,-1.855251,-106.298038
241,detected,OK,799.000000,381.500000,0.900730,1,0,735.500000,583.500000,35.299999,1,-63.500000,202.000000,211.745720,-1.875372,-107.450876
242,detected,OK,800.000000,387.500000,0.898900,1,0,735.500000,589.500000,40.500000,1,-64.500000,202.000000,212.047754,-1.879870,-107.708643
243,detected,OK,804.000000,394.500000,0.896913,1,0,736.500000,593.500000,39.900002,1,-67.500000,199.000000,210.136265,-1.897814,-108.736730
244,detected,OK,798.500000,395.500000,0.929012,1,0,732.500000,594.500000,32.900002,1,-66.000000,199.000000,209.659247,-1.891039,-108.348530
245,detected,OK,794.000000,390.000000,0.867894,1,0,727.500000,586.500000,36.900002,1,-66.500000,196.500000,207.447584,-1.897120,-108.696970
246,detected,OK,790.000000,393.000000,0.924275,1,0,716.500000,591.500000,37.500000,1,-73.500000,198.500000,211.670735,-1.925420,-110.318436
247,detected,OK,794.000000,391.500000,0.898342,1,0,723.500000,590.500000,35.500000,1,-70.500000,199.000000,211.119042,-1.911271,-109.507778
248,detected,OK,796.000000,394.000000,0.869776,1,0,722.500000,588.500000,37.200001,1,-73.500000,194.500000,207.924265,-1.932100,-110.701179
249,detected,OK,792.000000,400.000000,0.869095,1,0,714.500000,594.500000,39.700001,1,-77.500000,194.500000,209.371679,-1.949972,-111.725185
250,detected,OK,794.000000,403.500000,0.898116,1,0,715.500000,601.500000,37.299999,1,-78.500000,198.000000,212.993545,-1.948251,-111.626575
251,detected,OK,796.500000,419.500000,0.931701,1,0,717.500000,613.500000,39.299999,1,-79.000000,194.000000,209.468375,-1.957508,-112.156964
252,detected,OK,800.500000,429.500000,0.931318,1,0,719.500000,623.500000,38.500000,1,-81.000000,194.000000,210.230826,-1.966319,-112.661794
253,detected,OK,812.000000,444.000000,0.869902,1,0,729.500000,636.500000,38.799999,1,-82.500000,192.500000,209.433760,-1.975688,-113.198591
254,detected,OK,817.000000,455.500000,0.903148,1,0,735.500000,649.500000,40.700001,1,-81.500000,194.000000,210.423977,-1.968512,-112.787427
255,detected,OK,820.000000,475.500000,0.900787,1,0,736.500000,668.500000,39.400002,1,-83.500000,193.000000,210.288492,-1.979122,-113.395360
256,detected,OK,824.000000,481.500000,0.901528,1,0,740.500000,672.500000,38.000000,1,-83.500000,191.000000,208.454431,-1.982932,-113.613639
257,detected,OK,828.000000,486.500000,0.901489,1,0,743.500000,680.500000,35.500000,1,-84.500000,194.000000,211.603993,-1.981583,-113.536353
258,detected,OK,834.000000,497.500000,0.900622,1,0,744.500000,688.500000,39.099998,1,-89.500000,191.000000,210.929491,-2.008999,-115.107149
259,detected,OK,837.000000,503.500000,0.900440,1,0,745.500000,693.500000,38.299999,1,-91.500000,190.000000,210.884447,-2.019599,-115.714487
260,detected,OK,839.000000,503.000000,0.924740,1,0,746.500000,692.500000,33.799999,1,-92.500000,189.500000,210.870814,-2.024900,-116.018236
261,detected,OK,841.000000,502.000000,0.920756,1,0,748.500000,692.500000,35.200001,1,-92.500000,190.500000,211.769922,-2.022829,-115.899555
262,detected,OK,842.000000,503.000000,0.928769,1,0,748.500000,692.500000,35.700001,1,-93.500000,189.500000,211.311382,-2.029153,-116.261902
263,detected,OK,843.500000,501.500000,0.863970,1,0,748.500000,686.500000,36.900002,1,-95.000000,185.000000,207.966343,-2.045196,-117.181111
264,detected,OK,845.500000,493.500000,0.869816,1,0,743.500000,676.500000,37.700001,1,-102.000000,183.000000,209.506563,-2.079286,-119.134292
265,detected,OK,845.500000,489.000000,0.902399,1,0,744.500000,672.500000,35.799999,1,-101.000000,183.500000,209.459423,-2.073953,-118.828770
266,detected,OK,846.500000,483.500000,0.931972,1,0,745.500000,668.500000,39.400002,1,-101.000000,185.000000,210.774761,-2.070522,-118.632154
267,detected,OK,846.500000,481.500000,0.925764,1,0,746.500000,662.500000,36.900002,1,-100.000000,181.000000,206.787330,-2.075546,-118.920044
268,detected,OK,847.500000,479.500000,0.866841,1,0,746.500000,660.500000,37.400002,1,-101.000000,181.000000,207.272767,-2.079769,-119.162000
269,detected,OK,846.500000,477.500000,0.926791,1,0,744.500000,657.500000,37.700001,1,-102.000000,180.000000,206.891276,-2.086345,-119.538782
270,detected,OK,847.500000,477.000000,0.900908,1,0,740.500000,656.500000,37.700001,1,-107.000000,179.500000,208.971888,-2.108343,-120.799181
271,detected,OK,847.500000,477.000000,0.896736,1,0,737.500000,654.500000,39.400002,1,-110.000000,177.500000,208.821096,-2.125589,-121.787253
272,detected,OK,850.000000,473.500000,0.896894,1,0,740.500000,653.500000,35.000000,1,-109.500000,180.000000,210.689938,-2.117321,-121.313543
273,detected,OK,850.500000,473.500000,0.926354,1,0,737.500000,652.500000,36.599998,1,-113.000000,179.000000,211.683726,-2.133902,-122.263600
274,detected,OK,850.000000,475.000000,0.923580,1,0,737.500000,648.500000,35.000000,1,-112.500000,173.500000,206.781285,-2.146056,-122.959980
275,detected,OK,849.000000,461.000000,0.924588,1,0,736.500000,637.500000,35.000000,1,-112.500000,176.500000,209.304802,-2.138258,-122.513183
276,detected,OK,849.500000,456.000000,0.898045,1,0,735.500000,631.500000,34.700001,1,-114.000000,175.500000,209.275536,-2.146871,-123.006651
277,detected,OK,843.000000,467.000000,0.927849,1,0,727.500000,637.500000,31.900000,1,-115.500000,170.500000,205.938097,-2.166206,-124.114473
278,detected,OK,844.000000,470.500000,0.889666,1,0,724.500000,640.500000,35.200001,1,-119.500000,170.000000,207.798580,-2.183494,-125.104963
279,detected,OK,846.000000,475.000000,0.928180,1,0,727.500000,646.500000,39.099998,1,-118.500000,171.500000,208.457430,-2.175431,-124.643003
280,detected,OK,841.500000,487.000000,0.900398,1,0,718.500000,654.500000,35.200001,1,-123.000000,167.500000,207.810611,-2.204192,-126.290894
281,detected,OK,838.000000,483.500000,0.903538,1,0,715.500000,651.500000,39.400002,1,-122.500000,168.000000,207.918854,-2.200830,-126.098284
282,detected,OK,841.500000,475.000000,0.901892,1,0,715.500000,643.500000,36.900002,1,-126.000000,168.500000,210.400214,-2.212872,-126.788202
283,detected,OK,840.500000,477.500000,0.931592,1,0,715.500000,643.500000,37.700001,1,-125.000000,166.000000,207.800385,-2.216222,-126.980188
284,detected,OK,845.500000,486.000000,0.841457,1,0,719.500000,651.500000,38.799999,1,-126.000000,165.500000,208.005409,-2.221509,-127.283081
285,detected,OK,847.000000,491.500000,0.899378,1,0,722.500000,658.500000,35.200001,1,-124.500000,167.000000,208.300864,-2.211417,-126.704860
286,detected,OK,846.500000,502.000000,0.892288,1,0,717.500000,663.500000,35.299999,1,-129.000000,161.500000,206.696033,-2.244782,-128.616517
287,detected,OK,847.500000,505.000000,0.900617,1,0,718.500000,666.500000,38.299999,1,-129.000000,161.500000,206.696033,-2.244782,-128.616517
288,detected,OK,848.000000,496.500000,0.900928,1,0,717.500000,657.500000,38.799999,1,-130.500000,161.000000,207.246834,-2.251943,-129.026807
289,detected,OK,850.000000,467.000000,0.927606,1,0,716.500000,624.500000,38.799999,1,-133.500000,157.500000,206.466704,-2.273907,-130.285245
290,detected,OK,844.500000,467.500000,0.933581,1,0,709.500000,624.500000,38.799999,1,-135.000000,157.000000,207.060378,-2.280994,-130.691335
291,detected,OK,842.000000,473.500000,0.902739,1,0,705.500000,631.500000,36.900002,1,-136.500000,158.000000,208.797150,-2.283319,-130.824524
292,detected,OK,850.000000,480.000000,0.872174,1,0,716.500000,638.500000,34.700001,1,-133.500000,158.500000,207.230548,-2.270786,-130.106473
293,detected,OK,850.000000,487.500000,0.877959,0,-1,,,,0,,,,,
294,detected,OK,847.500000,511.500000,0.872524,1,0,709.500000,664.500000,37.200001,1,-138.000000,153.000000,206.041258,-2.304694,-132.049221
295,detected,OK,856.000000,523.000000,0.929329,1,0,715.500000,673.500000,38.799999,1,-140.500000,150.500000,205.889533,-2.321844,-133.031847
296,detected,OK,858.500000,527.000000,0.899650,1,0,716.500000,679.500000,36.599998,1,-142.000000,152.500000,208.375262,-2.320556,-132.958061
297,detected,OK,860.000000,533.000000,0.927345,1,0,718.500000,682.500000,38.799999,1,-141.500000,149.500000,205.845816,-2.328710,-133.425255
298,detected,OK,860.000000,545.500000,0.898694,1,0,719.500000,695.500000,38.599998,1,-140.500000,150.000000,205.524329,-2.323504,-133.126967
299,detected,OK,858.000000,537.500000,0.876865,0,-1,,,,0,,,,,
300,detected,OK,857.500000,522.500000,0.864391,1,0,713.500000,667.500000,37.099998,1,-144.000000,145.000000,204.355083,-2.352734,-134.801745
301,detected,OK,856.500000,523.500000,0.927724,1,0,708.500000,666.500000,35.400002,1,-148.000000,143.000000,205.798445,-2.373375,-135.984367
302,detected,OK,863.000000,523.500000,0.899141,1,0,718.500000,664.500000,35.500000,1,-144.500000,141.000000,201.894155,-2.368453,-135.702365
303,detected,OK,866.000000,525.000000,0.924349,1,0,716.500000,664.500000,35.500000,1,-149.500000,139.500000,204.476160,-2.390783,-136.981762
304,detected,OK,864.500000,527.500000,0.930450,1,0,716.500000,668.500000,37.700001,1,-148.000000,141.000000,204.413796,-2.380411,-136.387516
305,detected,OK,865.000000,533.000000,0.925959,1,0,713.500000,671.500000,39.900002,1,-151.500000,138.500000,205.266899,-2.400992,-137.566713
306,detected,OK,869.000000,534.500000,0.889914,1,0,719.500000,675.500000,34.400002,1,-149.500000,141.000000,205.502433,-2.385446,-136.675990
307,detected,OK,870.000000,535.000000,0.928102,1,0,716.500000,671.500000,37.799999,1,-153.500000,136.500000,205.412999,-2.414748,-138.354879
308,detected,OK,870.000000,541.000000,0.926114,1,0,715.500000,674.500000,35.000000,1,-154.500000,133.500000,204.187414,-2.428982,-139.170437
309,detected,OK,871.500000,544.000000,0.896233,1,0,719.500000,677.500000,36.400002,1,-152.000000,133.500000,202.302373,-2.420903,-138.707503
310,detected,OK,872.000000,546.500000,0.897166,1,0,719.500000,679.500000,32.099998,1,-152.500000,133.000000,202.349327,-2.424390,-138.907304
311,detected,OK,871.500000,549.500000,0.834975,0,-1,,,,0,,,,,
312,detected,OK,872.000000,551.500000,0.898754,1,0,714.500000,680.500000,34.400002,1,-157.500000,129.000000,203.585977,-2.455345,-140.680891
313,detected,OK,866.000000,539.500000,0.900213,1,0,708.500000,667.500000,33.599998,1,-157.500000,128.000000,202.953812,-2.459157,-140.899294
314,detected,OK,862.000000,533.500000,0.900184,1,0,705.500000,658.500000,35.500000,1,-156.500000,125.000000,200.292911,-2.467631,-141.384867
315,detected,OK,854.000000,537.000000,0.925428,1,0,693.500000,661.500000,37.700001,1,-160.500000,124.500000,203.126808,-2.481845,-142.199234
316,detected,OK,856.000000,537.500000,0.899661,1,0,694.500000,660.500000,38.500000,1,-161.500000,123.000000,203.005542,-2.490703,-142.706742
317,detected,OK,858.500000,541.000000,0.895349,1,0,699.500000,665.500000,34.299999,1,-159.000000,124.500000,201.943680,-2.477292,-141.938386
318,detected,OK,858.000000,553.000000,0.927826,1,0,697.500000,675.500000,34.299999,1,-160.500000,122.500000,201.907157,-2.489672,-142.647683
319,detected,OK,864.000000,558.000000,0.925267,1,0,702.500000,677.500000,31.900000,1,-161.500000,119.500000,200.904206,-2.504562,-143.500851
320,detected,OK,866.000000,561.000000,0.927548,1,0,701.500000,681.500000,36.299999,1,-164.500000,120.500000,203.912972,-2.509371,-143.776374
321,detected,OK,868.000000,565.000000,0.928159,1,0,701.500000,684.500000,36.099998,1,-166.500000,119.500000,204.945115,-2.519074,-144.332326
322,detected,OK,873.000000,571.500000,0.897932,1,0,708.500000,685.500000,36.900002,1,-164.500000,114.000000,200.140576,-2.535574,-145.277688
323,detected,OK,874.500000,576.500000,0.929872,1,0,711.500000,689.500000,31.000000,1,-163.000000,113.000000,198.338095,-2.535410,-145.268306
324,detected,OK,876.000000,581.500000,0.897080,1,0,711.500000,692.500000,35.799999,1,-164.500000,111.000000,198.447096,-2.548000,-145.989624
325,detected,OK,876.000000,583.000000,0.927336,1,0,707.500000,693.500000,33.799999,1,-168.500000,110.500000,201.500620,-2.561160,-146.743684
326,detected,OK,878.000000,585.000000,0.928655,1,0,711.500000,697.500000,34.000000,1,-166.500000,112.500000,200.944022,-2.547379,-145.954063
327,detected,OK,878.000000,589.500000,0.899453,1,0,707.500000,697.500000,34.099998,1,-170.500000,108.000000,201.827278,-2.576953,-147.648559
328,detected,OK,878.000000,590.500000,0.898492,1,0,706.500000,696.500000,38.500000,1,-171.500000,106.000000,201.614112,-2.587988,-148.280792
329,detected,OK,876.500000,591.000000,0.896458,1,0,708.500000,697.500000,33.799999,1,-168.000000,106.500000,198.912669,-2.576599,-147.628222
330,detected,OK,876.000000,591.500000,0.899717,1,0,702.500000,694.500000,37.700001,1,-173.500000,103.000000,201.770290,-2.605848,-149.304093
331,detected,OK,875.000000,592.000000,0.920556,1,0,702.500000,693.500000,37.700001,1,-172.500000,101.500000,200.146197,-2.609742,-149.527198
332,detected,OK,875.500000,592.500000,0.867528,1,0,701.500000,695.500000,35.400002,1,-174.000000,103.000000,202.200396,-2.607110,-149.376418
333,detected,OK,878.000000,591.500000,0.900771,1,0,706.500000,689.500000,36.599998,1,-171.500000,98.000000,197.525315,-2.622447,-150.255119
334,detected,OK,878.500000,593.000000,0.893382,1,0,703.500000,688.500000,34.400002,1,-175.000000,95.500000,199.362108,-2.642046,-151.378072
335,detected,OK,880.000000,593.500000,0.899357,1,0,704.500000,688.500000,34.200001,1,-175.500000,95.000000,199.562647,-2.645445,-151.572850
336,detected,OK,880.500000,593.000000,0.891419,1,0,704.500000,686.500000,33.700001,1,-176.000000,93.500000,199.294380,-2.653259,-152.020526
337,detected,OK,881.000000,593.000000,0.923768,1,0,708.500000,688.500000,34.200001,1,-172.500000,95.500000,197.171245,-2.635972,-151.030069
338,detected,OK,880.000000,595.500000,0.896719,1,0,702.500000,685.500000,33.799999,1,-177.500000,90.000000,199.013191,-2.672327,-153.113066
339,detected,OK,880.000000,597.000000,0.924677,1,0,702.500000,688.500000,35.799999,1,-177.500000,91.500000,199.696019,-2.665628,-152.729213
340,detected,OK,878.500000,600.000000,0.888765,1,0,700.500000,687.500000,33.599998,1,-178.000000,87.500000,198.343767,-2.684709,-153.822513
341,detected,OK,878.000000,602.500000,0.884541,1,0,702.500000,690.500000,37.799999,1,-175.500000,88.000000,196.326896,-2.676806,-153.369692
342,detected,OK,877.500000,605.500000,0.867561,1,0,700.500000,688.500000,35.799999,1,-177.000000,83.000000,195.494245,-2.703111,-154.876872
343,detected,OK,876.500000,607.000000,0.892124,1,0,701.500000,688.500000,34.900002,1,-175.000000,81.500000,193.047274,-2.705748,-155.027932
344,detected,OK,877.500000,610.000000,0.897031,1,0,696.500000,693.500000,35.799999,1,-181.000000,83.500000,199.332009,-2.709360,-155.234897
345,detected,OK,878.000000,611.500000,0.897996,1,0,696.500000,693.500000,36.000000,1,-181.500000,82.000000,199.163877,-2.717251,-155.686993
346,detected,OK,878.000000,613.500000,0.898150,1,0,696.500000,692.500000,33.599998,1,-181.500000,79.000000,197.947594,-2.731062,-156.478352
347,detected,OK,877.000000,617.500000,0.898566,1,0,695.500000,693.500000,37.299999,1,-181.500000,76.000000,196.769535,-2.745042,-157.279341
348,detected,OK,877.000000,619.000000,0.925704,1,0,694.500000,696.500000,35.200001,1,-182.500000,77.500000,198.273801,-2.740012,-156.991130
349,detected,OK,876.000000,621.000000,0.929778,1,0,692.500000,696.500000,34.900002,1,-183.500000,75.500000,198.425049,-2.751260,-157.635571
350,detected,OK,875.000000,621.500000,0.898720,1,0,695.500000,691.500000,36.200001,1,-179.500000,70.000000,192.666162,-2.769761,-158.695602
351,detected,OK,874.000000,623.000000,0.924466,1,0,696.500000,691.500000,34.700001,1,-177.500000,68.500000,190.259034,-2.773287,-158.897626
352,detected,OK,874.500000,627.500000,0.925683,1,0,694.500000,695.500000,35.200001,1,-180.000000,68.000000,192.416216,-2.780389,-159.304549
353,detected,OK,874.500000,631.000000,0.891437,1,0,694.500000,697.500000,36.000000,1,-180.000000,66.500000,191.891245,-2.787701,-159.723529
354,detected,OK,876.000000,635.000000,0.925170,1,0,692.500000,701.500000,35.200001,1,-183.500000,66.500000,195.178124,-2.793916,-160.079594
355,detected,OK,875.500000,635.500000,0.864833,1,0,694.500000,698.500000,35.200001,1,-181.000000,63.000000,191.650724,-2.806642,-160.808715
356,detected,OK,875.000000,637.000000,0.923143,1,0,690.500000,698.500000,33.599998,1,-184.500000,61.500000,194.480076,-2.819842,-161.565051
357,detected,OK,874.500000,637.000000,0.892423,1,0,693.500000,696.500000,35.500000,1,-181.000000,59.500000,190.528869,-2.823991,-161.802792
358,detected,OK,874.000000,637.000000,0.926613,1,0,692.500000,693.500000,35.000000,1,-181.500000,56.500000,190.090768,-2.839806,-162.708908
359,detected,OK,873.500000,637.000000,0.897536,1,0,691.500000,693.500000,36.000000,1,-182.000000,56.500000,190.568229,-2.840586,-162.753590
360,detected,OK,872.000000,638.000000,0.922412,1,0,690.500000,696.500000,33.299999,1,-181.500000,58.500000,190.694782,-2.829792,-162.135140
361,detected,OK,872.000000,639.000000,0.923727,1,0,686.500000,693.500000,36.000000,1,-185.500000,54.500000,193.340373,-2.855833,-163.627183
362,detected,OK,871.500000,639.000000,0.899427,1,0,685.500000,689.500000,33.700001,1,-186.000000,50.500000,192.733624,-2.876478,-164.810064
363,detected,OK,871.000000,641.500000,0.896999,1,0,685.500000,693.500000,35.099998,1,-185.500000,52.000000,192.650590,-2.868284,-164.340570
364,detected,OK,870.500000,643.000000,0.893235,1,0,689.500000,689.500000,33.700001,1,-181.000000,46.500000,186.877634,-2.890125,-165.591953
365,detected,OK,870.000000,645.000000,0.925949,1,0,684.500000,694.500000,35.700001,1,-185.500000,49.500000,191.990885,-2.880823,-165.058971
366,detected,OK,868.000000,649.000000,0.923902,1,0,682.500000,692.500000,33.799999,1,-185.500000,43.500000,190.532150,-2.911253,-166.802527
367,detected,OK,867.500000,650.500000,0.919681,1,0,681.500000,695.500000,35.200001,1,-186.000000,45.000000,191.366141,-2.904218,-166.399457
368,detected,OK,866.500000,651.000000,0.892746,1,0,680.500000,691.500000,33.299999,1,-186.000000,40.500000,190.358215,-2.927197,-167.716045
369,detected,OK,866.000000,652.500000,0.897170,1,0,679.500000,694.500000,35.299999,1,-186.500000,42.000000,191.170735,-2.920087,-167.308652
370,detected,OK,868.000000,655.000000,0.922638,1,0,685.500000,691.500000,35.400002,1,-182.500000,36.500000,186.114212,-2.944197,-168.690068
371,detected,OK,868.000000,657.000000,0.922726,1,0,682.500000,692.500000,33.700001,1,-185.500000,35.500000,188.866355,-2.952504,-169.166034
372,detected,OK,868.000000,659.500000,0.899208,1,0,681.500000,696.500000,35.200001,1,-186.500000,37.000000,190.134821,-2.945744,-168.778715
373,detected,OK,868.000000,661.000000,0.925955,1,0,683.500000,696.500000,32.200001,1,-184.500000,35.500000,187.884273,-2.951504,-169.108714
374,detected,OK,867.000000,661.500000,0.898614,1,0,683.500000,692.500000,35.200001,1,-183.500000,31.000000,186.100107,-2.974235,-170.411141
375,detected,OK,866.000000,663.000000,0.928019,1,0,677.500000,696.500000,33.599998,1,-188.500000,33.500000,191.453650,-2.965710,-169.922676
376,detected,OK,866.000000,663.500000,0.899529,1,0,678.500000,693.500000,35.400002,1,-187.500000,30.000000,189.884834,-2.982937,-170.909723
377,detected,OK,866.000000,664.500000,0.899198,1,0,682.500000,694.500000,32.900002,1,-183.500000,30.000000,185.936145,-2.979539,-170.714985
378,detected,OK,866.000000,667.000000,0.925456,1,0,683.500000,693.500000,32.500000,1,-182.500000,26.500000,184.413937,-2.997395,-171.738082
379,detected,OK,867.500000,669.500000,0.865677,1,0,684.500000,691.500000,35.200001,1,-183.000000,22.000000,184.317661,-3.021948,-173.144881
380,detected,OK,867.500000,671.500000,0.865707,1,0,684.500000,695.500000,32.700001,1,-183.000000,24.000000,184.567061,-3.011189,-172.528441
381,detected,OK,867.500000,673.500000,0.865882,1,0,683.500000,692.500000,35.700001,1,-184.000000,19.000000,184.978377,-3.038696,-174.104483
382,detected,OK,868.000000,675.500000,0.896457,1,0,685.500000,693.500000,35.400002,1,-182.500000,18.000000,183.385523,-3.043280,-174.367128
383,detected,OK,868.000000,677.500000,0.899846,1,0,682.500000,697.500000,35.799999,1,-185.500000,20.000000,186.575052,-3.034191,-173.846328
384,detected,OK,867.500000,678.500000,0.925113,1,0,684.500000,697.500000,32.700001,1,-183.000000,19.000000,183.983695,-3.038138,-174.072496
385,detected,OK,868.000000,683.000000,0.927521,1,0,685.500000,694.500000,35.200001,1,-182.500000,11.500000,182.861970,-3.078662,-176.394348
386,detected,OK,868.000000,685.000000,0.927060,1,0,682.500000,699.500000,35.200001,1,-185.500000,14.500000,186.065849,-3.063584,-175.530443
387,detected,OK,868.000000,686.000000,0.927015,1,0,681.500000,698.500000,35.500000,1,-186.500000,12.500000,186.918431,-3.074669,-176.165535
388,detected,OK,868.000000,689.000000,0.927153,1,0,685.500000,697.500000,34.299999,1,-182.500000,8.500000,182.697838,-3.095051,-177.333357
389,detected,OK,868.000000,689.500000,0.900634,1,0,686.500000,700.500000,32.500000,1,-181.500000,11.000000,181.833028,-3.081061,-176.531771
390,detected,OK,869.500000,691.000000,0.903579,1,0,685.500000,695.500000,33.000000,1,-184.000000,4.500000,184.055019,-3.117141,-178.599024
391,detected,OK,870.000000,691.500000,0.900468,1,0,690.500000,700.500000,34.599998,1,-179.500000,9.000000,179.725485,-3.091495,-177.129635
392,detected,OK,870.000000,693.000000,0.927509,1,0,686.500000,694.500000,32.700001,1,-183.500000,1.500000,183.506131,-3.133418,-179.531653
393,detected,OK,870.000000,693.500000,0.901035,1,0,686.500000,693.500000,32.900002,1,-183.500000,0.000000,183.500000,-3.141593,-180.000000
394,detected,OK,868.000000,695.000000,0.924911,1,0,689.500000,693.500000,35.400002,1,-178.500000,-1.500000,178.506302,3.133189,179.518534
395,detected,OK,868.000000,695.500000,0.900894,1,0,687.500000,691.500000,35.099998,1,-180.500000,-4.000000,180.544316,3.119436,178.730495
396,detected,OK,867.000000,697.000000,0.922328,1,0,684.500000,694.500000,35.000000,1,-182.500000,-2.500000,182.517122,3.127895,179.215175
397,detected,OK,864.000000,697.000000,0.927376,1,0,686.500000,689.500000,34.599998,1,-177.500000,-7.500000,177.658380,3.099364,177.580491
398,detected,OK,862.500000,697.500000,0.927137,1,0,681.500000,688.500000,32.200001,1,-181.000000,-9.000000,181.223619,3.091910,177.153383
399,detected,OK,861.500000,697.500000,0.865043,1,0,679.500000,688.500000,32.200001,1,-182.000000,-9.000000,182.222392,3.092182,177.168998
400,detected,OK,858.000000,703.500000,0.899194,1,0,677.500000,695.500000,35.500000,1,-180.500000,-8.000000,180.677198,3.097300,177.462236
401,detected,OK,856.000000,707.000000,0.925117,1,0,680.500000,692.500000,33.299999,1,-175.500000,-14.500000,176.097984,3.059159,175.276888
402,detected,OK,854.000000,709.500000,0.898971,1,0,678.500000,694.500000,35.000000,1,-175.500000,-15.000000,176.139859,3.056330,175.114797
403,detected,OK,852.000000,711.000000,0.926367,1,0,670.500000,697.500000,33.200001,1,-181.500000,-13.500000,182.001374,3.067349,175.746164
404,detected,OK,851.500000,711.000000,0.899813,1,0,670.500000,695.500000,33.299999,1,-181.000000,-15.500000,181.662462,3.056166,175.105397
405,detected,OK,851.000000,710.500000,0.886958,1,0,670.500000,693.500000,33.299999,1,-180.500000,-17.000000,181.298787,3.047687,174.619593
406,detected,OK,850.000000,710.500000,0.888984,1,0,675.500000,689.500000,34.900002,1,-174.500000,-21.000000,175.759068,3.021825,173.137806
407,detected,OK,849.500000,710.500000,0.920671,1,0,675.500000,686.500000,34.799999,1,-174.000000,-24.000000,175.647374,3.004526,172.146687
408,detected,OK,849.000000,711.500000,0.896617,1,0,670.500000,690.500000,33.700001,1,-178.500000,-21.000000,179.731049,3.024484,173.290163
409,detected,OK,848.000000,713.000000,0.926167,1,0,671.500000,687.500000,33.799999,1,-176.500000,-25.500000,178.332555,2.998110,171.779024
410,detected,OK,847.000000,715.500000,0.898179,1,0,675.500000,690.500000,33.000000,1,-171.500000,-25.000000,173.312579,2.996840,171.706263
411,detected,OK,846.000000,719.000000,0.908481,0,-1,,,,0,,,,,
412,detected,OK,844.500000,723.500000,0.926638,1,0,673.500000,694.500000,32.200001,1,-171.000000,-29.000000,173.441633,2.973600,170.374752
413,detected,OK,842.000000,725.000000,0.924630,1,0,669.500000,691.500000,32.400002,1,-172.500000,-33.500000,175.722793,2.949777,169.009795
414,detected,OK,841.500000,725.500000,0.866187,1,0,666.500000,691.500000,34.900002,1,-175.000000,-34.000000,178.272264,2.949698,169.005223
415,detected,OK,840.000000,725.000000,0.921799,1,0,667.500000,691.500000,34.700001,1,-172.500000,-33.500000,175.722793,2.949777,169.009795
416,detected,OK,839.500000,724.000000,0.895342,1,0,670.500000,685.500000,34.299999,1,-169.000000,-38.500000,173.329888,2.917605,167.166430
417,detected,OK,839.000000,723.000000,0.920625,1,0,667.500000,683.500000,32.400002,1,-171.500000,-39.500000,175.990057,2.915220,167.029785
418,detected,OK,838.000000,723.500000,0.897292,1,0,668.500000,682.500000,32.200001,1,-169.500000,-41.000000,174.388216,2.904263,166.402033
419,detected,OK,836.000000,725.500000,0.898740,1,0,663.500000,688.500000,31.400000,1,-172.500000,-37.000000,176.423496,2.930301,167.893902
420,detected,OK,836.000000,729.000000,0.921439,1,0,670.500000,684.500000,34.900002,1,-165.500000,-44.500000,171.378237,2.878923,164.950137
421,detected,OK,833.000000,733.000000,0.922941,1,0,667.500000,684.500000,34.700001,1,-165.500000,-48.500000,172.460140,2.856523,163.666706
422,detected,OK,830.500000,733.500000,0.925674,1,0,662.500000,683.500000,33.700001,1,-168.000000,-50.000000,175.282629,2.852322,163.425992
423,detected,OK,828.000000,733.000000,0.921767,1,0,663.500000,683.500000,34.900002,1,-164.500000,-49.500000,171.786204,2.849300,163.252836
424,detected,OK,825.000000,733.000000,0.924609,1,0,658.500000,681.500000,31.500000,1,-166.500000,-51.500000,174.282816,2.841617,162.812675
425,detected,OK,824.000000,732.500000,0.894089,1,0,656.500000,681.500000,34.900002,1,-167.500000,-51.000000,175.092119,2.846033,163.065681
426,detected,OK,823.000000,731.500000,0.895105,1,0,661.500000,677.500000,34.400002,1,-161.500000,-54.000000,170.288725,2.818914,161.511852
427,detected,OK,822.000000,731.500000,0.894955,1,0,663.500000,675.500000,33.299999,1,-158.500000,-56.000000,168.101904,2.801970,160.541059
428,detected,OK,820.500000,732.500000,0.926140,1,0,661.500000,673.500000,34.599998,1,-159.000000,-59.000000,169.593632,2.786273,159.641662
429,detected,OK,820.000000,733.000000,0.924082,1,0,661.500000,673.500000,34.400002,1,-158.500000,-59.500000,169.300030,2.782476,159.424150
430,detected,OK,820.000000,734.000000,0.923426,1,0,661.500000,672.500000,35.000000,1,-158.500000,-61.500000,170.013235,2.771463,158.793118
431,detected,OK,818.500000,735.500000,0.928631,1,0,658.500000,671.500000,33.299999,1,-160.000000,-64.000000,172.325274,2.761086,158.198591
432,detected,OK,816.000000,735.500000,0.895906,1,0,661.500000,672.500000,34.299999,1,-154.500000,-63.000000,166.850981,2.754409,157.815987
433,detected,OK,815.000000,734.500000,0.894235,1,0,656.500000,670.500000,32.500000,1,-158.500000,-64.000000,170.933467,2.757827,158.011859
434,detected,OK,812.000000,733.000000,0.922350,1,0,655.500000,666.500000,32.500000,1,-156.500000,-66.500000,170.042642,2.739790,156.978384
435,detected,OK,810.500000,731.500000,0.924480,1,0,653.500000,662.500000,33.799999,1,-157.000000,-69.000000,171.493440,2.727513,156.274970
436,detected,OK,808.000000,731.500000,0.897907,1,0,652.500000,660.500000,33.599998,1,-155.500000,-71.000000,170.942242,2.713271,155.458957
437,detected,OK,807.000000,731.500000,0.892854,1,0,656.500000,664.500000,31.400000,1,-150.500000,-67.000000,164.739947,2.722752,156.002198
438,detected,OK,806.000000,736.500000,0.894844,1,0,651.500000,661.500000,33.799999,1,-154.500000,-75.000000,171.741812,2.689663,154.106353
439,detected,OK,806.000000,737.500000,0.897590,1,0,652.500000,663.500000,32.200001,1,-153.500000,-74.000000,170.406133,2.692380,154.261996
440,detected,OK,806.000000,737.500000,0.898052,1,0,653.500000,661.500000,33.000000,1,-152.500000,-76.000000,170.388527,2.679257,153.510140
441,detected,OK,802.500000,737.000000,0.892648,1,0,653.500000,659.500000,31.600000,1,-149.000000,-77.500000,167.950141,2.661968,152.519515
442,detected,OK,802.000000,735.500000,0.871902,0,-1,,,,0,,,,,
443,detected,OK,798.000000,735.500000,0.896433,1,0,650.500000,655.500000,32.099998,1,-147.500000,-80.000000,167.798242,2.644624,151.525796
444,detected,OK,796.000000,735.500000,0.893710,1,0,650.500000,654.500000,35.799999,1,-145.500000,-81.000000,166.527025,2.633619,150.895268
445,detected,OK,795.500000,736.000000,0.833105,1,0,652.500000,654.500000,33.799999,1,-143.000000,-81.500000,164.594198,2.623577,150.319884
446,detected,OK,790.500000,737.500000,0.922522,1,0,649.500000,654.500000,33.000000,1,-141.000000,-83.000000,163.615403,2.609559,149.516700
447,detected,OK,789.000000,738.000000,0.860682,1,0,648.500000,655.500000,30.799999,1,-140.500000,-82.500000,162.930967,2.610647,149.579029
448,detected,OK,788.000000,737.500000,0.896804,1,0,647.500000,656.500000,32.200001,1,-140.500000,-81.000000,162.176601,2.618622,150.036015
449,detected,OK,785.500000,739.000000,0.866765,0,-1,,,,0,,,,,
450,detected,OK,783.500000,739.000000,0.895166,1,0,645.500000,647.500000,34.900002,1,-138.000000,-91.500000,165.578531,2.556103,146.453891
451,detected,OK,782.000000,739.000000,0.921716,1,0,642.500000,646.500000,33.299999,1,-139.500000,-92.500000,167.381301,2.556076,146.452341
452,detected,OK,782.000000,739.500000,0.897166,1,0,642.500000,646.500000,33.099998,1,-139.500000,-93.000000,167.658134,2.553590,146.309932
453,detected,OK,780.000000,741.000000,0.921449,1,0,646.500000,648.500000,33.200001,1,-133.500000,-92.500000,162.414593,2.535659,145.282535
454,detected,OK,780.000000,741.500000,0.893029,1,0,647.500000,648.500000,33.500000,1,-132.500000,-93.000000,161.880357,2.529602,144.935490
455,detected,OK,778.500000,744.000000,0.886946,1,0,645.500000,652.500000,31.900000,1,-133.000000,-91.500000,161.434971,2.538986,145.473198
456,detected,OK,775.500000,749.000000,0.894199,1,0,646.500000,650.500000,32.099998,1,-129.000000,-98.500000,162.306038,2.489466,142.635881
457,detected,OK,774.000000,751.000000,0.921804,1,0,640.500000,651.500000,33.000000,1,-133.500000,-99.500000,166.500751,2.501095,143.302161
458,detected,OK,771.500000,753.000000,0.872253,0,-1,,,,0,,,,,
459,detected,OK,768.000000,753.500000,0.866748,0,-1,,,,0,,,,,
460,detected,OK,767.500000,753.500000,0.825870,0,-1,,,,0,,,,,
461,detected,OK,766.000000,755.000000,0.923164,1,0,972.500000,788.500000,34.900002,1,206.500000,33.500000,209.199665,-0.160827,-9.214680
462,detected,OK,764.000000,758.000000,0.915377,1,0,972.500000,794.500000,37.400002,1,208.500000,36.500000,211.670735,-0.173304,-9.929578
463,detected,OK,761.500000,761.500000,0.857873,1,0,969.500000,800.500000,37.400002,1,208.000000,39.000000,211.624668,-0.185348,-10.619655
464,detected,OK,761.500000,763.500000,0.864627,1,0,967.500000,803.500000,35.000000,1,206.000000,40.000000,209.847564,-0.191788,-10.988651
465,detected,OK,760.000000,763.000000,0.918541,1,0,967.500000,802.500000,36.799999,1,207.500000,39.500000,211.226182,-0.188111,-10.777954
466,detected,OK,743.000000,723.500000,0.779727,1,0,949.500000,765.500000,36.599998,1,206.500000,42.000000,210.727905,-0.200653,-11.496563
467,detected,OK,730.000000,688.000000,0.863559,1,0,935.500000,731.500000,36.599998,1,205.500000,43.500000,210.053565,-0.208600,-11.951875
468,detected,OK,707.000000,654.500000,0.891279,1,0,910.500000,702.500000,37.799999,1,203.500000,48.000000,209.084313,-0.231638,-13.271902
469,detected,OK,659.000000,604.500000,0.888230,1,0,859.500000,659.500000,34.400002,1,200.500000,55.000000,207.906830,-0.267729,-15.339715
470,detected,OK,637.000000,580.000000,0.922105,1,0,836.500000,634.500000,37.900002,1,199.500000,54.500000,206.810300,-0.266676,-15.279417
471,detected,OK,614.000000,555.500000,0.894206,1,0,815.500000,611.500000,36.599998,1,201.500000,56.000000,209.136917,-0.271075,-15.531443
472,detected,OK,565.500000,525.000000,0.820348,1,0,765.500000,585.500000,36.900002,1,200.000000,60.500000,208.950353,-0.293749,-16.830566
473,detected,OK,543.000000,515.000000,0.861592,1,0,739.500000,575.500000,34.900002,1,196.500000,60.500000,205.602772,-0.298678,-17.112973
474,detected,OK,523.000000,488.000000,0.921363,1,0,721.500000,553.500000,36.900002,1,198.500000,65.500000,209.027510,-0.318725,-18.261588
475,detected,OK,514.000000,473.500000,0.907261,1,0,710.500000,537.500000,35.799999,1,196.500000,64.000000,206.659745,-0.314865,-18.040416
476,detected,OK,502.000000,457.000000,0.936871,1,0,697.500000,527.500000,33.799999,1,195.500000,70.500000,207.823242,-0.346099,-19.830004
477,detected,OK,500.500000,453.000000,0.900898,1,0,696.500000,524.500000,37.900002,1,196.000000,71.500000,208.634249,-0.349795,-20.041763
478,detected,OK,502.000000,450.000000,0.932112,1,0,697.500000,523.500000,34.599998,1,195.500000,73.500000,208.860001,-0.359611,-20.604206
479,detected,OK,500.000000,447.000000,0.937515,1,0,695.500000,521.500000,37.299999,1,195.500000,74.500000,209.214005,-0.364085,-20.860551
480,detected,OK,502.000000,447.500000,0.908731,1,0,697.500000,523.500000,36.599998,1,195.500000,76.000000,209.752831,-0.370768,-21.243434
481,detected,OK,512.000000,449.000000,0.938008,1,0,704.500000,529.500000,35.200001,1,192.500000,80.500000,208.654020,-0.396081,-22.693795
482,detected,OK,515.500000,451.000000,0.898224,1,0,708.500000,530.500000,37.200001,1,193.000000,79.500000,208.732484,-0.390737,-22.387600
483,detected,OK,516.500000,454.000000,0.896466,1,0,705.500000,535.500000,36.200001,1,189.000000,81.500000,205.823347,-0.407125,-23.326523
484,detected,OK,524.000000,461.000000,0.933483,1,0,714.500000,542.500000,37.900002,1,190.500000,81.500000,207.201593,-0.404258,-23.162281
485,detected,OK,526.000000,465.000000,0.932739,1,0,716.500000,550.500000,35.200001,1,190.500000,85.500000,208.807327,-0.421871,-24.171444
486,detected,OK,528.000000,472.500000,0.887635,1,0,715.500000,557.500000,36.299999,1,187.500000,85.000000,205.867069,-0.425622,-24.386371
487,detected,OK,533.000000,475.000000,0.925778,1,0,724.500000,561.500000,36.299999,1,191.500000,86.500000,210.129722,-0.424264,-24.308557
488,detected,OK,534.500000,477.000000,0.888633,1,0,720.500000,565.500000,36.799999,1,186.000000,88.500000,205.981188,-0.444106,-25.445406
489,detected,OK,536.000000,481.000000,0.922623,1,0,724.500000,570.500000,37.299999,1,188.500000,89.500000,208.668397,-0.443286,-25.398417
490,detected,OK,537.000000,481.000000,0.924886,1,0,723.500000,573.500000,34.599998,1,186.500000,92.500000,208.179010,-0.460425,-26.380425
491,detected,OK,538.000000,480.000000,0.925485,1,0,723.500000,576.500000,36.200001,1,185.500000,96.500000,209.099259,-0.479689,-27.484156
492,detected,OK,538.000000,479.500000,0.893345,1,0,726.500000,574.500000,35.799999,1,188.500000,95.000000,211.085883,-0.466826,-26.747135
493,detected,OK,539.000000,478.000000,0.926728,1,0,722.500000,574.500000,33.599998,1,183.500000,96.500000,207.327036,-0.484141,-27.739234
494,detected,OK,542.500000,473.500000,0.925721,1,0,727.500000,571.500000,33.799999,1,185.000000,98.000000,209.353768,-0.487148,-27.911499
495,detected,OK,543.500000,471.000000,0.901346,1,0,727.500000,569.500000,36.799999,1,184.000000,98.500000,208.706133,-0.491507,-28.161305
496,detected,OK,544.000000,469.000000,0.926797,1,0,726.500000,570.500000,33.799999,1,182.500000,101.500000,208.826483,-0.507564,-29.081253
497,detected,OK,544.000000,467.500000,0.897613,1,0,725.500000,569.500000,33.799999,1,181.500000,102.000000,208.197622,-0.511997,-29.335267
498,detected,OK,544.000000,463.000000,0.928611,1,0,724.500000,566.500000,34.900002,1,180.500000,103.500000,208.068498,-0.520636,-29.830270
499,detected,OK,546.000000,457.000000,0.932312,1,0,722.500000,562.500000,37.200001,1,176.500000,105.500000,205.627090,-0.538751,-30.868184
500,detected,OK,548.000000,454.500000,0.891854,1,0,727.500000,561.500000,36.599998,1,179.500000,107.000000,208.971888,-0.537547,-30.799181
501,detected,OK,548.500000,451.500000,0.924647,1,0,725.500000,560.500000,38.500000,1,177.000000,109.000000,207.870152,-0.551970,-31.625560
502,detected,OK,551.000000,447.000000,0.927993,1,0,728.500000,557.500000,37.099998,1,177.500000,110.500000,209.084911,-0.556825,-31.903718
503,detected,OK,552.000000,443.500000,0.897965,1,0,729.500000,555.500000,36.599998,1,177.500000,112.000000,209.881514,-0.562892,-32.251348
504,detected,OK,554.500000,438.000000,0.889995,1,0,730.500000,551.500000,36.900002,1,176.000000,113.500000,209.423614,-0.572772,-32.817418
505,detected,OK,556.000000,435.000000,0.930523,1,0,731.500000,549.500000,37.200001,1,175.500000,114.500000,209.548324,-0.578076,-33.121300
506,detected,OK,558.000000,433.000000,0.927002,1,0,732.500000,548.500000,37.500000,1,174.500000,115.500000,209.261798,-0.584689,-33.500221
507,detected,OK,559.500000,431.000000,0.900483,1,0,730.500000,549.500000,34.099998,1,171.000000,118.500000,208.046269,-0.606001,-34.721280
508,detected,OK,560.000000,431.000000,0.926903,1,0,731.500000,550.500000,37.700001,1,171.500000,119.500000,209.027510,-0.608570,-34.868514
509,detected,OK,560.500000,431.000000,0.892930,1,0,733.500000,551.500000,36.599998,1,173.000000,120.500000,210.829908,-0.608395,-34.858438
510,detected,OK,562.000000,432.500000,0.886039,1,0,732.500000,554.500000,37.200001,1,170.500000,122.000000,209.652689,-0.621081,-35.585332
511,detected,OK,563.500000,433.000000,0.899189,1,0,730.500000,558.500000,35.500000,1,167.000000,125.500000,208.900096,-0.644459,-36.924752
512,detected,OK,564.000000,432.500000,0.886980,1,0,732.500000,556.500000,37.200001,1,168.500000,124.000000,209.208628,-0.634419,-36.349539
513,detected,OK,566.000000,433.000000,0.920000,1,0,731.500000,562.500000,35.500000,1,165.500000,129.500000,210.143998,-0.663965,-38.042375
514,detected,OK,568.000000,434.500000,0.880749,1,0,730.500000,562.500000,37.900002,1,162.500000,128.000000,206.858043,-0.667191,-38.227232
515,detected,OK,568.500000,435.000000,0.888679,1,0,732.500000,564.500000,35.200001,1,164.000000,129.500000,208.964710,-0.668388,-38.295827
516,detected,OK,571.000000,435.000000,0.914350,1,0,734.500000,565.500000,37.099998,1,163.500000,130.500000,209.194885,-0.673621,-38.595647
517,detected,OK,572.000000,435.000000,0.918034,1,0,733.500000,566.500000,38.500000,1,161.500000,131.500000,208.265456,-0.683365,-39.153910
518,detected,OK,574.000000,435.000000,0.914702,1,0,735.500000,569.500000,37.200001,1,161.500000,134.500000,210.172548,-0.694434,-39.788119
519,detected,OK,576.000000,435.000000,0.918744,1,0,734.500000,572.500000,35.799999,1,158.500000,137.500000,209.829693,-0.714571,-40.941896
520,detected,OK,577.500000,435.000000,0.895008,1,0,736.500000,570.500000,37.200001,1,159.000000,135.500000,208.904883,-0.705771,-40.437678
521,detected,OK,578.000000,435.000000,0.921486,1,0,736.500000,572.500000,34.400002,1,158.500000,137.500000,209.829693,-0.714571,-40.941896
522,detected,OK,581.500000,435.000000,0.894011,1,0,735.500000,574.500000,37.099998,1,154.000000,139.500000,207.788955,-0.736035,-42.171673
523,detected,OK,585.000000,435.000000,0.918917,1,0,739.500000,577.500000,35.500000,1,154.500000,142.500000,210.182064,-0.745016,-42.686278
524,detected,OK,586.000000,435.000000,0.920199,1,0,737.500000,577.500000,37.099998,1,151.500000,142.500000,207.986778,-0.754795,-43.246595
525,detected,OK,588.000000,435.000000,0.925047,1,0,741.500000,577.500000,37.200001,1,153.500000,142.500000,209.448084,-0.748253,-42.871744
526,detected,OK,590.500000,435.000000,0.898292,1,0,743.500000,577.500000,36.500000,1,153.000000,142.500000,209.081922,-0.749880,-42.964966
527,detected,OK,592.000000,434.500000,0.892437,1,0,741.500000,580.500000,35.500000,1,149.500000,146.000000,208.964710,-0.773554,-44.321402
528,detected,OK,594.000000,433.000000,0.928855,1,0,744.500000,578.500000,37.700001,1,150.500000,145.500000,209.333466,-0.768508,-44.032258
529,detected,OK,596.000000,431.500000,0.901535,1,0,740.500000,580.500000,36.900002,1,144.500000,149.000000,207.560232,-0.800729,-45.878401
530,detected,OK,597.500000,431.000000,0.903818,1,0,743.500000,577.500000,35.799999,1,146.000000,146.500000,206.829036,-0.787108,-45.097941
531,detected,OK,600.000000,428.500000,0.890863,1,0,743.500000,578.500000,34.400002,1,143.500000,150.000000,207.586729,-0.807541,-46.268694
532,detected,OK,601.000000,427.500000,0.900705,1,0,746.500000,578.500000,37.700001,1,145.500000,151.000000,209.693228,-0.803946,-46.062700
533,detected,OK,603.000000,425.000000,0.928256,1,0,742.500000,578.500000,37.400002,1,139.500000,153.500000,207.418659,-0.833143,-47.735602
534,detected,OK,605.000000,420.500000,0.888560,1,0,746.500000,574.500000,37.500000,1,141.500000,154.000000,209.136917,-0.827674,-47.422235
535,detected,OK,606.000000,418.500000,0.890786,1,0,744.500000,574.500000,35.000000,1,138.500000,156.000000,208.610283,-0.844751,-48.400674
536,detected,OK,606.000000,416.000000,0.925170,1,0,742.500000,572.500000,37.400002,1,136.500000,156.500000,207.664393,-0.853552,-48.904917
537,detected,OK,607.000000,412.500000,0.889092,1,0,743.500000,569.500000,38.799999,1,136.500000,157.000000,208.041462,-0.855132,-48.995431
538,detected,OK,607.500000,411.000000,0.900217,1,0,507.500000,591.500000,36.299999,1,-100.000000,180.500000,206.349824,-2.076718,-118.987181
539,detected,OK,607.500000,411.000000,0.901220,1,0,506.500000,590.500000,36.500000,1,-101.000000,179.500000,205.964196,-2.083318,-119.365330
540,detected,OK,608.000000,409.000000,0.923555,1,0,502.500000,589.500000,36.599998,1,-105.500000,180.500000,209.070562,-2.099732,-120.305754
541,detected,OK,607.000000,406.500000,0.886302,1,0,503.500000,583.500000,36.400002,1,-103.500000,177.000000,205.039630,-2.099924,-120.316780
542,detected,OK,611.500000,405.000000,0.902561,1,0,503.500000,583.500000,36.599998,1,-108.000000,178.500000,208.629456,-2.114915,-121.175700
543,detected,OK,634.500000,421.000000,0.892171,1,0,526.500000,599.500000,34.900002,1,-108.000000,178.500000,208.629456,-2.114915,-121.175700
544,detected,OK,656.000000,433.500000,0.905757,1,0,548.500000,611.500000,35.000000,1,-107.500000,178.000000,207.942901,-2.114102,-121.129146
545,detected,OK,703.000000,459.500000,0.901354,1,0,596.500000,638.500000,34.900002,1,-106.500000,179.000000,208.286461,-2.107511,-120.751464
546,detected,OK,752.000000,488.000000,0.861528,1,0,644.500000,665.500000,38.500000,1,-107.500000,177.500000,207.515060,-2.115348,-121.200515
547,detected,OK,774.500000,499.500000,0.927562,1,0,667.500000,673.500000,35.500000,1,-107.000000,174.000000,204.266982,-2.122131,-121.589126
548,detected,OK,799.000000,510.000000,0.860977,1,0,691.500000,688.500000,36.000000,1,-107.500000,178.500000,208.371063,-2.112862,-121.058070
549,detected,OK,838.500000,527.000000,0.891261,1,0,729.500000,701.500000,36.599998,1,-109.000000,174.500000,205.745595,-2.129138,-121.990624
550,detected,OK,852.500000,534.500000,0.849733,1,0,742.500000,708.500000,36.599998,1,-110.000000,174.000000,205.854317,-2.134545,-122.300416
551,detected,OK,867.500000,545.000000,0.891353,1,0,753.500000,721.500000,35.700001,1,-114.000000,176.500000,210.114850,-2.144278,-122.858108
552,detected,OK,873.500000,547.000000,0.888681,1,0,760.500000,722.500000,35.000000,1,-113.000000,175.500000,208.732484,-2.142853,-122.776458
553,detected,OK,876.000000,547.000000,0.918995,1,0,761.500000,721.500000,36.599998,1,-114.500000,174.500000,208.711523,-2.151490,-123.271302
554,detected,OK,877.500000,544.000000,0.890233,1,0,763.500000,714.500000,36.799999,1,-114.000000,170.500000,205.100585,-2.160151,-123.767547
555,detected,OK,877.500000,540.000000,0.894421,1,0,759.500000,713.500000,36.099998,1,-118.000000,173.500000,209.824331,-2.168052,-124.220218
556,detected,OK,875.500000,527.500000,0.860829,1,0,756.500000,695.500000,35.500000,1,-119.000000,168.000000,205.876176,-2.187093,-125.311213
557,detected,OK,873.500000,523.000000,0.893352,1,0,754.500000,692.500000,34.900002,1,-119.000000,169.500000,207.102028,-2.182907,-125.071346
558,detected,OK,870.000000,513.000000,0.923146,1,0,750.500000,681.500000,35.200001,1,-119.500000,168.500000,206.573232,-2.187669,-125.344221
559,detected,OK,866.000000,505.000000,0.921820,1,0,742.500000,668.500000,37.700001,1,-123.500000,163.500000,204.901196,-2.217714,-127.065636
560,detected,OK,865.500000,501.000000,0.898727,1,0,739.500000,665.500000,36.900002,1,-126.000000,164.500000,207.210642,-2.224432,-127.450578
561,detected,OK,864.000000,497.500000,0.892084,1,0,740.500000,659.500000,36.099998,1,-123.500000,162.000000,203.706284,-2.222152,-127.319929
562,detected,OK,863.000000,495.500000,0.891346,1,0,734.500000,656.500000,34.700001,1,-128.500000,161.000000,205.993325,-2.244400,-128.594650
563,detected,OK,862.000000,495.500000,0.891689,1,0,735.500000,655.500000,36.400002,1,-126.500000,160.000000,203.966296,-2.239795,-128.330778
564,detected,OK,862.000000,497.000000,0.923331,1,0,733.500000,658.500000,34.700001,1,-128.500000,161.500000,206.384350,-2.242889,-128.508060
565,detected,OK,861.500000,499.000000,0.900004,1,0,732.500000,658.500000,34.299999,1,-129.000000,159.500000,205.137149,-2.250866,-128.965150
566,detected,OK,861.500000,502.500000,0.915991,1,0,730.500000,656.500000,35.500000,1,-131.000000,154.000000,202.180612,-2.275667,-130.386129
567,detected,OK,862.000000,503.500000,0.892780,1,0,730.500000,660.500000,35.099998,1,-131.500000,157.000000,204.795630,-2.268035,-129.948855
568,detected,OK,862.500000,511.000000,0.892012,1,0,726.500000,662.500000,34.700001,1,-136.000000,151.500000,203.588433,-2.302334,-131.913998
569,detected,OK,863.500000,513.500000,0.865333,1,0,726.500000,665.500000,34.700001,1,-137.000000,152.000000,204.628932,-2.304338,-132.028837
570,detected,OK,864.500000,520.500000,0.925891,1,0,729.500000,672.500000,34.099998,1,-135.000000,152.000000,203.295352,-2.297030,-131.610134
571,detected,OK,864.000000,528.500000,0.898957,1,0,727.500000,679.500000,34.700001,1,-136.500000,151.000000,203.551591,-2.305802,-132.112746
572,detected,OK,864.500000,531.500000,0.929260,1,0,725.500000,678.500000,35.799999,1,-139.000000,147.000000,202.311641,-2.328230,-133.397739
573,detected,OK,863.000000,537.500000,0.899929,1,0,720.500000,682.500000,35.500000,1,-142.500000,145.000000,203.300885,-2.347499,-134.501788
574,detected,OK,863.000000,541.000000,0.926546,1,0,722.500000,688.500000,34.700001,1,-140.500000,147.500000,203.706897,-2.331894,-133.607668
575,detected,OK,863.000000,545.500000,0.897968,1,0,719.500000,690.500000,33.799999,1,-143.500000,145.000000,204.003064,-2.350995,-134.702104
576,detected,OK,864.000000,553.000000,0.924443,1,0,721.500000,697.500000,34.299999,1,-142.500000,144.500000,202.944574,-2.349226,-134.600733
577,detected,OK,864.000000,553.500000,0.899411,1,0,720.500000,694.500000,35.500000,1,-143.500000,141.000000,201.179646,-2.364982,-135.503465
578,detected,OK,864.000000,555.500000,0.899288,1,0,718.500000,698.500000,34.400002,1,-145.500000,143.000000,204.007966,-2.364860,-135.496485
579,detected,OK,865.000000,555.500000,0.870359,0,-1,,,,0,,,,,
580,detected,OK,867.000000,554.500000,0.897659,1,0,716.500000,690.500000,34.900002,1,-150.500000,136.000000,202.845384,-2.406762,-137.897314
581,detected,OK,867.000000,555.000000,0.926346,1,0,715.500000,690.500000,34.900002,1,-151.500000,135.500000,203.254766,-2.411886,-138.190887
582,detected,OK,868.000000,556.500000,0.896423,1,0,717.500000,693.500000,33.799999,1,-150.500000,137.000000,203.517198,-2.403117,-137.688436
583,detected,OK,868.000000,556.500000,0.886909,1,0,717.500000,689.500000,32.200001,1,-150.500000,133.000000,200.846334,-2.417845,-138.532295
584,detected,OK,868.000000,555.500000,0.899944,1,0,716.500000,688.500000,34.700001,1,-151.500000,133.000000,201.596751,-2.421129,-138.720498
585,detected,OK,868.500000,554.000000,0.891767,1,0,713.500000,684.500000,34.400002,1,-155.000000,130.500000,202.620952,-2.441799,-139.904784
586,detected,OK,870.000000,555.000000,0.923920,1,0,713.500000,681.500000,34.299999,1,-156.500000,126.500000,201.232453,-2.461807,-141.051158
587,detected,OK,870.000000,555.000000,0.923643,1,0,714.500000,680.500000,35.799999,1,-155.500000,125.500000,199.826174,-2.462553,-141.093904
588,detected,OK,871.500000,553.000000,0.896707,1,0,712.500000,677.500000,35.200001,1,-159.000000,124.500000,201.943680,-2.477292,-141.938386
589,detected,OK,872.000000,555.000000,0.925500,1,0,712.500000,678.500000,34.299999,1,-159.500000,123.500000,201.723821,-2.482723,-142.249572
590,detected,OK,872.000000,557.500000,0.895887,1,0,715.500000,681.500000,34.400002,1,-156.500000,124.000000,199.670353,-2.471545,-141.609079
591,detected,OK,873.500000,563.500000,0.865981,1,0,713.500000,683.500000,36.299999,1,-160.000000,120.000000,200.000000,-2.498092,-143.130102
592,detected,OK,873.500000,565.500000,0.865274,1,0,714.500000,687.500000,34.299999,1,-159.000000,122.000000,200.412075,-2.487114,-142.501132
593,detected,OK,872.000000,571.000000,0.922440,1,0,710.500000,691.500000,33.799999,1,-161.500000,120.500000,201.500620,-2.500573,-143.272275
594,detected,OK,873.000000,573.000000,0.922352,1,0,712.500000,689.500000,33.799999,1,-160.500000,116.500000,198.324229,-2.513723,-144.025727
595,detected,OK,873.500000,573.500000,0.864642,1,0,707.500000,689.500000,36.299999,1,-166.000000,116.000000,202.514197,-2.531676,-145.054336
596,detected,OK,874.000000,577.000000,0.922803,1,0,710.500000,692.500000,33.599998,1,-163.500000,115.500000,200.181168,-2.526570,-144.761775
597,detected,OK,874.500000,579.000000,0.891319,1,0,710.500000,692.500000,33.599998,1,-164.000000,113.500000,199.444855,-2.536207,-145.313931
598,detected,OK,875.500000,582.500000,0.915851,1,0,711.500000,692.500000,33.000000,1,-164.000000,110.000000,197.474049,-2.550781,-146.148990
599,detected,OK,876.000000,583.500000,0.897738,1,0,709.500000,694.500000,33.700001,1,-166.500000,111.000000,200.108096,-2.553590,-146.309932
600,detected,OK,876.500000,590.000000,0.895124,1,0,710.500000,695.500000,34.900002,1,-166.000000,105.500000,196.688205,-2.575448,-147.562321
601,detected,OK,877.500000,594.000000,0.894121,1,0,710.500000,700.500000,33.799999,1,-167.000000,106.500000,198.068801,-2.573895,-147.473342
602,detected,OK,878.000000,596.000000,0.920804,1,0,710.500000,699.500000,35.500000,1,-167.500000,103.500000,196.897181,-2.588108,-148.287648
603,detected,OK,877.000000,599.000000,0.920679,1,0,708.500000,700.500000,35.500000,1,-168.500000,101.500000,196.709176,-2.599429,-148.936338
604,detected,OK,877.500000,600.000000,0.894798,1,0,709.500000,703.500000,34.200001,1,-168.000000,103.500000,197.322705,-2.589440,-148.363964
605,detected,OK,878.000000,599.000000,0.924632,1,0,709.500000,696.500000,34.400002,1,-168.500000,97.500000,194.675371,-2.617031,-149.944823
606,detected,OK,878.000000,597.500000,0.893168,1,0,704.500000,693.500000,34.900002,1,-173.500000,96.000000,198.288300,-2.636209,-151.043625
607,detected,OK,879.500000,597.500000,0.863007,1,0,708.500000,692.500000,35.900002,1,-171.000000,95.000000,195.616973,-2.634494,-150.945396
608,detected,OK,880.000000,599.000000,0.923126,1,0,708.500000,693.500000,33.299999,1,-171.500000,94.500000,195.812410,-2.637966,-151.144339
609,detected,OK,881.500000,598.500000,0.916529,1,0,706.500000,692.500000,35.099998,1,-175.000000,94.000000,198.647930,-2.648674,-151.757849
610,detected,OK,883.000000,597.500000,0.893909,1,0,709.500000,690.500000,33.500000,1,-173.500000,93.000000,196.853372,-2.649544,-151.807666
611,detected,OK,883.500000,598.500000,0.916986,1,0,710.500000,686.500000,35.400002,1,-173.000000,88.000000,194.095337,-2.671033,-153.038901
612,detected,OK,884.000000,598.500000,0.886044,1,0,710.500000,685.500000,34.900002,1,-173.500000,87.000000,194.090829,-2.676793,-153.368940
613,detected,OK,885.000000,600.500000,0.882314,1,0,712.500000,684.500000,33.799999,1,-172.500000,84.000000,191.865187,-2.688434,-154.035931
614,detected,OK,885.000000,601.500000,0.893693,1,0,710.500000,685.500000,35.400002,1,-174.500000,84.000000,193.665304,-2.692955,-154.294983
615,detected,OK,885.500000,605.500000,0.861666,1,0,710.500000,689.500000,33.299999,1,-175.000000,84.000000,194.115945,-2.694073,-154.358994
616,detected,OK,886.000000,607.500000,0.898397,1,0,707.500000,691.500000,34.900002,1,-178.500000,84.000000,197.277089,-2.701750,-154.798876
617,detected,OK,886.000000,609.500000,0.897100,1,0,711.500000,688.500000,34.900002,1,-174.500000,79.000000,191.549602,-2.716477,-155.642688
618,detected,OK,887.500000,613.500000,0.862764,1,0,711.500000,693.500000,34.000000,1,-176.000000,80.000000,193.328736,-2.714965,-155.556045
619,detected,OK,888.000000,617.500000,0.895451,1,0,708.500000,695.500000,34.900002,1,-179.500000,78.000000,195.714716,-2.731669,-156.513107
620,detected,OK,888.000000,620.000000,0.918926,1,0,712.500000,693.500000,34.400002,1,-175.500000,73.500000,190.269546,-2.744982,-157.275898
621,detected,OK,888.000000,625.000000,0.923306,1,0,710.500000,697.500000,35.500000,1,-177.500000,72.500000,191.735495,-2.753822,-157.782406
622,detected,OK,888.000000,627.500000,0.899691,1,0,706.500000,701.500000,34.400002,1,-181.500000,74.000000,196.005740,-2.754454,-157.818615
623,detected,OK,888.000000,630.000000,0.901068,0,-1,,,,0,,,,,
624,detected,OK,887.500000,633.500000,0.832544,0,-1,,,,0,,,,,
625,detected,OK,888.000000,635.000000,0.907943,0,-1,,,,0,,,,,
626,detected,OK,887.500000,639.000000,0.872292,0,-1,,,,0,,,,,
627,detected,OK,886.000000,639.500000,0.896310,1,0,1081.500000,731.500000,39.799999,1,195.500000,92.000000,216.065384,-0.439843,-25.201124
628,detected,OK,886.000000,641.000000,0.923129,1,0,1077.500000,731.500000,38.599998,1,191.500000,90.500000,211.807696,-0.441476,-25.294709
629,detected,OK,884.500000,641.000000,0.887741,1,0,1080.500000,734.500000,38.299999,1,196.000000,93.500000,217.159504,-0.445112,-25.503047
630,detected,OK,876.500000,631.500000,0.932169,1,0,1069.500000,724.500000,37.700001,1,193.000000,93.000000,214.238185,-0.449035,-25.727803
631,detected,OK,862.000000,613.000000,0.876657,1,0,1052.500000,708.500000,36.599998,1,190.500000,95.500000,213.097396,-0.464697,-26.625173
632,detected,OK,806.500000,568.000000,0.913963,1,0,991.500000,670.500000,39.599998,1,185.000000,102.500000,211.497636,-0.505950,-28.988823
633,detected,OK,775.500000,548.000000,0.912016,1,0,960.500000,651.500000,37.599998,1,185.000000,103.500000,211.984080,-0.510077,-29.225244
634,detected,OK,742.500000,527.500000,0.877540,1,0,922.500000,632.500000,39.400002,1,180.000000,105.000000,208.386660,-0.528074,-30.256437
635,detected,OK,676.000000,491.000000,0.868069,1,0,851.500000,600.500000,37.700001,1,175.500000,109.500000,206.858647,-0.557831,-31.961343
636,detected,OK,643.500000,477.500000,0.875173,1,0,822.500000,589.500000,37.200001,1,179.000000,112.000000,211.151604,-0.559101,-32.034146
637,detected,OK,583.000000,457.000000,0.869000,1,0,756.500000,570.500000,39.099998,1,173.500000,113.500000,207.327036,-0.579307,-33.191856
638,detected,OK,562.500000,444.000000,0.904493,1,0,736.500000,563.500000,34.900002,1,174.000000,119.500000,211.083514,-0.601799,-34.480564
639,detected,OK,532.000000,420.000000,0.933159,1,0,699.500000,540.500000,37.400002,1,167.500000,120.500000,206.340738,-0.623630,-35.731353
640,detected,OK,524.000000,413.500000,0.907563,1,0,694.500000,534.500000,33.799999,1,170.500000,121.000000,209.072356,-0.617191,-35.362462
641,detected,OK,519.000000,409.000000,0.934043,1,0,687.500000,531.500000,33.299999,1,168.500000,122.500000,208.323066,-0.628620,-36.017263
642,detected,OK,520.500000,403.000000,0.904428,1,0,689.500000,526.500000,37.700001,1,169.000000,123.500000,209.316148,-0.631079,-36.158185
643,detected,OK,527.000000,403.000000,0.927269,1,0,692.500000,528.500000,39.099998,1,165.500000,125.500000,207.702913,-0.648797,-37.173339
644,detected,OK,534.000000,406.000000,0.924215,1,0,699.500000,533.500000,33.799999,1,165.500000,127.500000,208.917448,-0.656425,-37.610395
645,detected,OK,546.000000,413.000000,0.925818,1,0,709.500000,543.500000,34.299999,1,163.500000,130.500000,209.194885,-0.673621,-38.595647
646,detected,OK,552.000000,417.000000,0.923376,1,0,714.500000,546.500000,35.500000,1,162.500000,129.500000,207.789557,-0.672862,-38.552150
647,detected,OK,562.000000,427.000000,0.919987,1,0,724.500000,559.500000,33.799999,1,162.500000,132.500000,209.672363,-0.684052,-39.193273
648,detected,OK,567.000000,433.000000,0.917460,1,0,728.500000,566.500000,35.200001,1,161.500000,133.500000,209.534007,-0.690766,-39.578000
649,detected,OK,573.000000,441.000000,0.917525,1,0,732.500000,576.500000,35.799999,1,159.500000,135.500000,209.285690,-0.704221,-40.348892
650,detected,OK,576.500000,443.000000,0.881572,1,0,736.500000,579.500000,35.400002,1,160.000000,136.500000,210.314645,-0.706305,-40.468324
651,detected,OK,582.000000,446.500000,0.871805,1,0,740.500000,584.500000,35.299999,1,158.500000,138.000000,210.157679,-0.716368,-41.044866
652,detected,OK,584.000000,447.000000,0.913213,1,0,742.500000,583.500000,37.500000,1,158.500000,136.500000,209.175763,-0.710960,-40.734990
653,detected,OK,586.500000,446.500000,0.839074,1,0,739.500000,586.500000,36.599998,1,153.000000,140.000000,207.386113,-0.741059,-42.459533
654,detected,OK,588.000000,443.000000,0.908600,1,0,742.500000,584.500000,38.599998,1,154.500000,141.500000,209.505370,-0.741507,-42.485247
655,detected,OK,588.500000,443.000000,0.881613,1,0,737.500000,586.500000,35.500000,1,149.000000,143.500000,206.865294,-0.766597,-43.922770
656,detected,OK,589.000000,443.500000,0.879233,1,0,740.500000,590.500000,35.500000,1,151.500000,147.000000,211.095358,-0.770324,-44.136310
657,detected,OK,589.500000,442.500000,0.901220,1,0,738.500000,586.500000,39.400002,1,149.000000,144.000000,207.212451,-0.768335,-44.022351
658,detected,OK,588.000000,441.000000,0.908622,1,0,736.500000,590.500000,36.000000,1,148.500000,149.500000,210.719007,-0.788754,-45.192267
659,detected,OK,588.000000,438.500000,0.870561,1,0,736.500000,586.500000,34.700001,1,148.500000,148.000000,209.657459,-0.783712,-44.903380
660,detected,OK,592.000000,433.000000,0.910937,1,0,739.500000,581.500000,33.799999,1,147.500000,148.500000,209.304802,-0.788777,-45.193566
661,detected,OK,596.000000,427.500000,0.884809,1,0,740.500000,579.500000,34.599998,1,144.500000,152.000000,209.724224,-0.810688,-46.448994
662,detected,OK,598.000000,426.500000,0.876969,1,0,741.500000,578.500000,39.099998,1,143.500000,152.000000,209.036480,-0.814155,-46.647648
663,detected,OK,601.000000,425.000000,0.912267,1,0,744.500000,576.500000,38.000000,1,143.500000,151.500000,208.673189,-0.812510,-46.553403
664,detected,OK,604.000000,421.000000,0.922448,1,0,743.500000,573.500000,35.700001,1,139.500000,152.500000,206.679704,-0.829889,-47.549156
665,detected,OK,604.500000,419.500000,0.926036,1,0,743.500000,575.500000,34.400002,1,139.000000,156.000000,208.942576,-0.842962,-48.298143
666,detected,OK,608.000000,416.500000,0.886520,1,0,742.500000,574.500000,37.700001,1,134.500000,158.000000,207.495181,-0.865568,-49.593384
667,detected,OK,607.000000,416.500000,0.886441,1,0,742.500000,574.500000,34.400002,1,135.500000,158.000000,208.144781,-0.861910,-49.383777
668,detected,OK,606.500000,415.500000,0.924739,1,0,744.500000,574.500000,36.599998,1,138.000000,159.000000,210.535033,-0.855988,-49.044486
669,detected,OK,606.000000,414.000000,0.918978,1,0,739.500000,575.500000,34.200001,1,133.500000,161.500000,209.534007,-0.880030,-50.422000
670,detected,OK,606.000000,413.000000,0.919074,1,0,738.500000,572.500000,36.400002,1,132.500000,159.500000,207.355974,-0.877602,-50.282876
671,detected,OK,608.500000,409.000000,0.887465,1,0,736.500000,572.500000,37.700001,1,128.000000,163.500000,207.644528,-0.906585,-51.943510
672,detected,OK,610.000000,408.500000,0.877667,1,0,739.500000,572.500000,34.299999,1,129.500000,164.000000,208.964710,-0.902408,-51.704173
673,detected,OK,614.000000,407.000000,0.918442,1,0,743.500000,572.500000,37.200001,1,129.500000,165.500000,210.143998,-0.906832,-51.957625
674,detected,OK,616.000000,406.500000,0.881307,1,0,742.500000,575.500000,35.799999,1,126.500000,169.000000,211.100095,-0.928243,-53.184385
675,detected,OK,617.500000,407.500000,0.861463,1,0,744.500000,573.500000,37.200001,1,127.000000,166.000000,209.009569,-0.917726,-52.581834
676,detected,OK,620.000000,408.000000,0.912810,1,0,744.500000,575.500000,38.599998,1,124.500000,167.500000,208.701941,-0.931608,-53.377184
677,detected,OK,622.000000,407.000000,0.915127,1,0,741.500000,577.500000,37.299999,1,119.500000,170.500000,208.207829,-0.959480,-54.974164
678,detected,OK,625.500000,406.500000,0.908410,1,0,745.500000,577.500000,38.799999,1,120.000000,171.000000,208.904284,-0.958894,-54.940573
679,detected,OK,628.000000,408.500000,0.874028,1,0,746.500000,579.500000,39.299999,1,118.500000,171.000000,208.046269,-0.964796,-55.278720
680,detected,OK,630.000000,409.000000,0.913028,1,0,747.500000,582.500000,34.900002,1,117.500000,173.500000,209.543552,-0.975514,-55.892830
681,detected,OK,633.000000,412.500000,0.871623,1,0,748.500000,588.500000,35.500000,1,115.500000,176.000000,210.514251,-0.990040,-56.725112
682,detected,OK,634.000000,413.000000,0.909865,1,0,747.500000,587.500000,39.299999,1,113.500000,174.500000,208.164598,-0.994119,-56.958824
683,detected,OK,635.500000,414.000000,0.881302,1,0,751.500000,588.500000,36.500000,1,116.000000,174.500000,209.538183,-0.984117,-56.385771
684,detected,OK,638.000000,413.000000,0.907267,1,0,751.500000,589.500000,36.599998,1,113.500000,176.500000,209.843990,-0.999316,-57.256571
685,detected,OK,639.500000,412.500000,0.901668,1,0,748.500000,588.500000,36.900002,1,109.000000,176.000000,207.019323,-1.016293,-58.229314
686,detected,OK,642.000000,412.500000,0.868043,1,0,748.500000,593.500000,36.599998,1,106.500000,181.000000,210.007738,-1.038952,-59.527539
687,detected,OK,643.000000,412.500000,0.866143,1,0,748.500000,592.500000,37.900002,1,105.500000,180.000000,208.639042,-1.040652,-59.624959
688,detected,OK,645.500000,412.000000,0.878115,1,0,752.500000,592.500000,37.400002,1,107.000000,180.500000,209.831480,-1.035689,-59.340632
689,detected,OK,647.500000,411.500000,0.896139,1,0,750.500000,592.500000,39.099998,1,103.000000,181.000000,208.254652,-1.053437,-60.357493
690,detected,OK,650.000000,411.000000,0.904279,1,0,750.500000,594.500000,38.500000,1,100.500000,183.500000,209.218785,-1.069733,-61.291188
691,detected,OK,650.000000,410.500000,0.863896,1,0,750.500000,594.500000,34.900002,1,100.500000,184.000000,209.657459,-1.070879,-61.356825
692,detected,OK,652.000000,410.500000,0.858526,1,0,750.500000,594.500000,38.200001,1,98.500000,184.000000,208.706133,-1.079289,-61.838695
693,detected,OK,652.000000,410.500000,0.859288,1,0,748.500000,595.500000,39.000000,1,96.500000,185.000000,208.655817,-1.090001,-62.452481
694,detected,OK,652.000000,410.500000,0.859700,1,0,746.500000,594.500000,36.599998,1,94.500000,184.000000,206.848374,-1.096338,-62.815559
695,detected,OK,653.500000,410.500000,0.894267,1,0,747.500000,597.500000,34.700001,1,94.000000,187.000000,209.296440,-1.105012,-63.312522
696,detected,OK,655.000000,409.500000,0.876537,1,0,744.500000,598.500000,37.500000,1,89.500000,189.000000,209.120181,-1.128536,-64.660340
697,detected,OK,656.000000,409.000000,0.907048,1,0,747.500000,600.500000,36.299999,1,91.500000,191.500000,212.236896,-1.125060,-64.461212
698,detected,OK,657.500000,409.000000,0.881357,1,0,748.500000,597.500000,37.700001,1,91.000000,188.500000,209.316148,-1.121037,-64.230672
699,detected,OK,660.000000,408.500000,0.868190,1,0,744.500000,599.500000,37.200001,1,84.500000,191.000000,208.857009,-1.154274,-66.135000
700,detected,OK,661.500000,408.000000,0.881346,1,0,747.500000,602.500000,36.400002,1,86.000000,194.500000,212.664642,-1.154482,-66.146932
701,detected,OK,664.000000,407.500000,0.881172,1,0,747.500000,597.500000,36.400002,1,83.500000,190.000000,207.538551,-1.156730,-66.275775
702,detected,OK,667.500000,406.500000,0.913374,1,0,748.500000,600.500000,34.599998,1,81.000000,194.000000,210.230826,-1.175273,-67.338206
703,detected,OK,668.500000,406.000000,0.890195,1,0,748.500000,599.500000,34.599998,1,80.000000,193.500000,209.385410,-1.178761,-67.538003
704,detected,OK,672.500000,405.500000,0.908504,0,-1,,,,0,,,,,
705,detected,OK,676.000000,405.500000,0.871667,0,-1,,,,0,,,,,
706,detected,OK,680.000000,405.500000,0.873708,0,-1,,,,0,,,,,
707,detected,OK,682.500000,406.500000,0.925765,1,0,741.500000,244.500000,34.400002,1,59.000000,-162.000000,172.409396,1.221530,69.988501
708,detected,OK,684.000000,407.000000,0.927253,1,0,746.500000,249.500000,32.900002,1,62.500000,-157.500000,169.447632,1.193030,68.355565
709,detected,OK,688.000000,407.500000,0.901881,1,0,756.500000,248.500000,32.700001,1,68.500000,-159.000000,173.127843,1.164008,66.692771
710,detected,OK,692.000000,409.000000,0.926508,1,0,761.500000,250.500000,32.099998,1,69.500000,-158.500000,173.067906,1.157559,66.323231
711,detected,OK,682.500000,454.500000,0.871639,1,0,753.500000,302.500000,34.200001,1,71.000000,-152.000000,167.764716,1.133809,64.962474
712,detected,OK,672.000000,494.000000,0.820870,1,0,743.500000,338.500000,35.099998,1,71.500000,-155.500000,171.150519,1.139817,65.306694
713,detected,OK,656.500000,536.000000,0.846592,1,0,724.500000,380.500000,34.400002,1,68.000000,-155.500000,169.718149,1.158555,66.380288
714,detected,OK,618.500000,612.500000,0.873202,1,0,694.500000,458.500000,34.900002,1,76.000000,-154.000000,171.732350,1.112357,63.733362
715,detected,OK,586.500000,666.500000,0.866866,1,0,665.500000,513.500000,34.599998,1,79.000000,-153.000000,172.191754,1.094162,62.690890
716,detected,OK,578.000000,685.500000,0.899487,1,0,653.500000,532.500000,34.599998,1,75.500000,-153.000000,170.614331,1.112391,63.735317
717,detected,OK,566.000000,711.500000,0.897107,1,0,643.500000,559.500000,32.700001,1,77.500000,-152.000000,170.617262,1.099285,62.984402
718,detected,OK,562.500000,719.500000,0.925285,1,0,643.500000,569.500000,34.400002,1,81.000000,-150.000000,170.472872,1.075663,61.630954
719,detected,OK,550.500000,735.500000,0.925678,1,0,638.500000,582.500000,33.799999,1,88.000000,-153.000000,176.502125,1.048839,60.094063
720,detected,OK,546.000000,741.500000,0.897300,1,0,633.500000,592.500000,31.600000,1,87.500000,-149.000000,172.792506,1.039806,59.576485
721,detected,OK,542.000000,747.500000,0.896449,1,0,625.500000,597.500000,33.000000,1,83.500000,-150.000000,171.674838,1.062849,60.896771
722,detected,OK,542.000000,753.500000,0.897058,1,0,635.500000,603.500000,33.799999,1,93.500000,-150.000000,176.754774,1.013396,58.063337
723,detected,OK,544.000000,753.500000,0.897014,1,0,637.500000,602.500000,35.099998,1,93.500000,-151.000000,177.604195,1.016375,58.233989
724,detected,OK,548.000000,745.500000,0.893511,1,0,643.500000,600.500000,31.799999,1,95.500000,-145.000000,173.623875,0.988385,56.630273
725,detected,OK,548.500000,741.500000,0.921124,1,0,646.500000,595.500000,34.900002,1,98.000000,-146.000000,175.840837,0.979639,56.129189
726,detected,OK,548.000000,738.500000,0.892863,1,0,646.500000,591.500000,34.700001,1,98.500000,-147.000000,176.949852,0.980443,56.175225
727,detected,OK,546.500000,733.500000,0.921082,1,0,644.500000,585.500000,32.700001,1,98.000000,-148.000000,177.504930,0.985919,56.488981
728,detected,OK,545.000000,729.500000,0.891618,1,0,639.500000,585.500000,32.099998,1,94.500000,-144.000000,172.238933,0.990040,56.725112
729,detected,OK,545.500000,720.500000,0.917846,1,0,644.500000,577.500000,34.700001,1,99.000000,-143.000000,173.925271,0.965252,55.304846
730,detected,OK,544.500000,719.000000,0.883316,1,0,647.500000,575.500000,33.799999,1,103.000000,-143.500000,176.638756,0.948243,54.330348
731,detected,OK,546.000000,718.500000,0.892855,1,0,653.500000,575.500000,34.400002,1,107.500000,-143.000000,178.900112,0.926177,53.066049
732,detected,OK,548.000000,717.500000,0.892918,1,0,651.500000,576.500000,33.799999,1,103.500000,-141.000000,174.909262,0.937586,53.719747
733,detected,OK,548.000000,717.500000,0.894099,1,0,657.500000,578.500000,31.799999,1,109.500000,-139.000000,176.949852,0.903557,51.770028
734,detected,OK,548.000000,718.500000,0.891908,1,0,656.500000,580.500000,35.099998,1,108.500000,-138.000000,175.545578,0.904507,51.824442
735,detected,OK,548.000000,719.000000,0.916626,1,0,657.500000,579.500000,33.799999,1,109.500000,-139.500000,177.342888,0.905302,51.869992
736,detected,OK,544.000000,717.500000,0.892933,1,0,658.500000,582.500000,32.900002,1,114.500000,-135.000000,177.017654,0.867378,49.697118
737,detected,OK,542.500000,717.000000,0.884445,1,0,656.500000,576.500000,32.900002,1,114.000000,-140.500000,180.931617,0.889150,50.944543
738,detected,OK,539.500000,715.500000,0.919819,1,0,654.500000,576.500000,32.700001,1,115.000000,-139.000000,180.405100,0.879607,50.397749
739,detected,OK,536.500000,711.500000,0.918173,1,0,652.500000,576.500000,34.299999,1,116.000000,-135.000000,177.991573,0.860951,49.328875
740,detected,OK,536.000000,709.500000,0.894453,1,0,653.500000,576.500000,35.200001,1,117.500000,-133.000000,177.469011,0.847196,48.540734
741,detected,OK,534.000000,705.500000,0.891981,1,0,653.500000,573.500000,35.200001,1,119.500000,-132.000000,178.056873,0.835059,47.845361
742,detected,OK,533.500000,702.500000,0.915767,1,0,653.500000,569.500000,34.299999,1,120.000000,-133.000000,179.134028,0.836736,47.941465
743,detected,OK,532.500000,700.000000,0.888332,1,0,652.500000,569.500000,33.799999,1,120.000000,-130.500000,177.285786,0.827290,47.400214
744,detected,OK,528.500000,697.000000,0.882862,1,0,649.500000,567.500000,32.700001,1,121.000000,-129.500000,177.232192,0.819317,46.943423
745,detected,OK,527.000000,695.000000,0.851531,1,0,648.500000,566.500000,32.099998,1,121.500000,-128.500000,176.845978,0.813391,46.603863
746,detected,OK,524.500000,693.000000,0.883462,1,0,653.500000,566.500000,32.400002,1,129.000000,-126.500000,180.674431,0.775614,44.439394
747,detected,OK,524.500000,692.000000,0.888161,1,0,654.500000,562.500000,32.400002,1,130.000000,-129.500000,183.494550,0.783471,44.889604
748,detected,OK,523.500000,691.500000,0.922472,1,0,657.500000,564.500000,34.400002,1,134.000000,-127.000000,184.621234,0.758585,43.463700
749,detected,OK,522.000000,691.000000,0.920627,1,0,656.500000,563.500000,34.700001,1,134.500000,-127.500000,185.328087,0.758687,43.469561
750,detected,OK,520.500000,687.500000,0.922678,1,0,654.500000,563.500000,37.099998,1,134.000000,-124.000000,182.570534,0.746658,42.780344
751,detected,OK,519.000000,684.500000,0.888885,1,0,649.500000,562.500000,32.700001,1,130.500000,-122.000000,178.645599,0.751748,43.071959
752,detected,OK,518.500000,682.500000,0.916450,1,0,659.500000,560.500000,33.000000,1,141.000000,-122.000000,186.453748,0.713280,40.867940
753,detected,OK,516.500000,679.500000,0.917905,1,0,655.500000,557.500000,32.700001,1,139.000000,-122.000000,184.945938,0.720356,41.273355
754,detected,OK,515.000000,679.500000,0.891000,1,0,652.500000,560.500000,34.299999,1,137.500000,-119.000000,181.844027,0.713398,40.874699
755,detected,OK,512.000000,677.000000,0.922259,1,0,650.500000,558.500000,34.400002,1,138.500000,-118.500000,182.275890,0.707734,40.550153
756,detected,OK,510.000000,675.500000,0.894811,1,0,648.500000,558.500000,33.599998,1,138.500000,-117.000000,181.304302,0.701447,40.189965
757,detected,OK,508.000000,674.000000,0.866295,1,0,651.500000,555.500000,32.700001,1,143.500000,-118.500000,186.103466,0.690266,39.549348
758,detected,OK,508.000000,673.500000,0.898671,1,0,651.500000,555.500000,32.700001,1,143.500000,-118.000000,185.785495,0.688191,39.430449
759,detected,OK,507.000000,671.500000,0.890840,1,0,652.500000,560.500000,31.900000,1,145.500000,-111.000000,183.006147,0.651698,37.339525
760,detected,OK,507.000000,670.500000,0.888320,1,0,650.500000,558.500000,33.799999,1,143.500000,-112.000000,182.033651,0.662730,37.971604
761,detected,OK,508.500000,669.000000,0.886951,1,0,656.500000,554.500000,32.700001,1,148.000000,-114.500000,187.120950,0.658465,37.727280
762,detected,OK,508.500000,667.000000,0.889355,1,0,659.500000,554.500000,32.700001,1,151.000000,-112.500000,188.300956,0.640315,36.687331
763,detected,OK,508.500000,665.500000,0.922144,1,0,659.500000,554.500000,32.700001,1,151.000000,-111.000000,187.408644,0.633896,36.319582
764,detected,OK,508.000000,663.500000,0.897494,1,0,659.500000,558.500000,32.099998,1,151.500000,-105.000000,184.329189,0.606059,34.724642
765,detected,OK,506.500000,661.500000,0.923414,1,0,662.500000,554.500000,34.799999,1,156.000000,-107.000000,189.169236,0.601198,34.446126
766,detected,OK,505.000000,660.500000,0.891745,1,0,661.500000,554.500000,34.900002,1,156.500000,-106.000000,189.019179,0.595339,34.110425
767,detected,OK,504.000000,657.500000,0.893400,1,0,662.500000,552.500000,34.900002,1,158.500000,-105.000000,190.124301,0.585085,33.522903
768,detected,OK,504.000000,657.000000,0.920881,1,0,658.500000,553.500000,34.900002,1,154.500000,-103.500000,185.963706,0.590240,33.818246
769,detected,OK,504.000000,653.500000,0.895706,1,0,660.500000,552.500000,35.099998,1,156.500000,-101.000000,186.261241,0.573112,32.836880
770,detected,OK,504.000000,651.500000,0.893654,1,0,663.500000,555.500000,34.400002,1,159.500000,-96.000000,186.161892,0.541801,31.042931
771,detected,OK,504.000000,649.000000,0.917741,1,0,667.500000,548.500000,34.700001,1,163.500000,-100.500000,191.917951,0.551143,31.578165
772,detected,OK,503.000000,647.000000,0.855798,1,0,664.500000,546.500000,32.900002,1,161.500000,-100.500000,190.216981,0.556649,31.893633
773,detected,OK,501.500000,644.500000,0.922212,1,0,663.500000,545.500000,33.200001,1,162.000000,-99.000000,189.855208,0.548549,31.429566
774,detected,OK,499.000000,641.500000,0.893307,1,0,666.500000,545.500000,34.900002,1,167.500000,-96.000000,193.060224,0.520431,29.818503
775,detected,OK,498.000000,639.500000,0.891123,1,0,658.500000,546.500000,33.799999,1,160.500000,-93.000000,185.497305,0.525164,30.089686
776,detected,OK,496.000000,637.000000,0.915761,1,0,664.500000,544.500000,35.200001,1,168.500000,-92.500000,192.219926,0.502045,28.765088
777,detected,OK,496.000000,635.500000,0.892910,1,0,664.500000,544.500000,31.500000,1,168.500000,-91.000000,191.502611,0.495179,28.371679
778,detected,OK,495.000000,635.000000,0.855866,1,0,659.500000,545.500000,33.599998,1,164.500000,-89.500000,187.271194,0.498281,28.549416
779,detected,OK,494.500000,636.000000,0.887781,1,0,664.500000,549.500000,32.900002,1,170.000000,-86.500000,190.741317,0.470681,26.968063
780,detected,OK,492.500000,639.500000,0.918445,1,0,665.500000,553.500000,34.700001,1,173.000000,-86.000000,193.196791,0.461333,26.432422
781,detected,OK,491.000000,641.000000,0.851472,1,0,664.500000,554.500000,34.599998,1,173.500000,-86.500000,193.867223,0.462494,26.498966
782,detected,OK,488.500000,641.000000,0.888188,1,0,663.500000,556.500000,34.299999,1,175.000000,-84.500000,194.332833,0.449840,25.773905
783,detected,OK,487.500000,639.500000,0.921837,1,0,662.500000,556.500000,35.200001,1,175.000000,-83.000000,193.685312,0.442865,25.374317
784,detected,OK,487.000000,635.500000,0.888163,1,0,664.500000,553.500000,34.400002,1,177.500000,-82.000000,195.525574,0.432765,24.795607
785,detected,OK,486.500000,633.500000,0.921720,1,0,661.500000,554.500000,33.000000,1,175.000000,-79.000000,192.005208,0.424041,24.295776
786,detected,OK,488.000000,629.500000,0.862706,0,-1,,,,0,,,,,
787,detected,OK,485.500000,627.000000,0.864855,0,-1,,,,0,,,,,
788,detected,OK,486.000000,626.000000,0.890568,0,-1,,,,0,,,,,
789,detected,OK,487.000000,623.500000,0.858501,0,-1,,,,0,,,,,
790,detected,OK,486.500000,623.000000,0.858365,0,-1,,,,0,,,,,
791,detected,OK,486.500000,622.000000,0.853303,0,-1,,,,0,,,,,
792,detected,OK,486.000000,621.000000,0.897603,0,-1,,,,0,,,,,
793,detected,OK,484.500000,621.000000,0.862674,0,-1,,,,0,,,,,
794,detected,OK,482.000000,621.000000,0.896398,0,-1,,,,0,,,,,
795,detected,OK,481.500000,620.500000,0.810765,0,-1,,,,0,,,,,
